,Unnamed: 0,AFFGEOID,ALAND,AWATER,CD114FP,CDSESSN,GEOID,LSAD,STATEFP,AreaUncert,CvxHullPS,CvxHullPT,CvxHullPTB,HoleCount,PolsbyPopp,PolyCount,ReockPS,ReockPT,ReockPTB,Schwartzbe,areaAH,perimSH
0,0,5001400,5047105127,1398742998,1,114,1000,C1,10,0.0,0.7368745149,0.7372581064,0.9999988884000001,0.0,0.33728397229999996,4.0,0.25260055530000003,0.2527274788,0.9999982937,0.5807615452,5240076074.630501,441851.03434420883
1,1,5001400,5055929740,98328889,6,114,2406,C2,24,2396473.5,0.3886444417,0.3886444417,0.8496291957,0.0,0.07804984059999999,1.0,0.1388661126,0.1388661126,0.6820485125,0.27937401559999997,5154403853.150323,910978.5335842784
2,2,5001400,23605159061,154525039,9,114,5109,C2,51,3343152.5,0.6694802471,0.6694802471,0.8629595068000001,0.0,0.19267201969999997,1.0,0.2053939674,0.2053939674,0.7841353746999999,0.4389442102,23759873984.41928,1244851.8627808492
3,3,5001400,18818285227,61264203,5,114,805,C2,8,0.0,0.7956986839,0.7956986839,0.7956984719,0.0,0.40866539329999996,1.0,0.4683480579,0.4683480579,0.46786063920000004,0.6392694215,18881015748.621014,761962.6404731607
4,4,5001400,1016917582,25618480,7,114,1307,C2,13,0.0,0.7449014771,0.7449014771,0.7449015590000001,0.0,0.2696814803,1.0,0.4466766922,0.4466766922,0.4466793425,0.5193086561,1042538507.632248,220407.0201045547
5,5,5001400,5564763518,255717101,6,114,4806,C2,48,0.0,0.7642633431,0.7642633431,0.7642631920999999,0.0,0.2231750912,1.0,0.36279945,0.36279945,0.3628029239,0.47241410990000005,5820602539.134566,572487.5464259558
6,6,5001400,6603580737,374142687,4,114,4904,C2,49,0.0,0.6423928425,0.6423928425,0.6423953340999999,0.0,0.2537380932,1.0,0.34698616600000004,0.34698616600000004,0.33806899450000005,0.5037242234,6977135720.241562,587828.5584783105
7,7,5001400,2291185310,475526115,12,114,1212,C2,12,5072377.0,0.8103196220000001,0.7770399929999999,0.8265788274,0.0,0.3447376314,3.0,0.41399210259999997,0.3980786897,0.4667222257,0.5871436207999999,2393592600.405652,295383.1395079537
8,8,5001400,2567585494,83505352,5,114,3405,C2,34,2175227.0,0.5844557748,0.5844557748,0.6118181818,0.0,0.2152913181,1.0,0.310327318,0.310327318,0.39315532799999997,0.46399495490000003,2650784583.705957,393349.7619921762
9,9,5001400,8343984222,77250488,2,114,3902,C2,39,2691291.5,0.8139165106999999,0.8139165106999999,0.8659763481999999,0.0,0.2481615835,1.0,0.4357580728,0.4357580728,0.5411240902000001,0.4981581912,8419739146.265601,652960.597073585
10,10,5001400,10447602619,1012437654,6,114,2206,C2,22,3760299.0,0.6047305821,0.6047305821,0.6049759482,0.0,0.07436628070000001,1.0,0.38161638600000003,0.38161638600000003,0.40808411159999997,0.27270181649999997,11459894940.302214,1391576.9269727943
11,11,5001400,4985231367,40954042,5,114,1805,C2,18,0.0,0.7765320001999999,0.7765320001999999,0.7765367907999999,0.0,0.3507154419,1.0,0.44522966799999997,0.44522966799999997,0.44190164340000004,0.5922123284,5026157531.951727,424370.84166333143
12,12,5001400,21201485836,375889494,12,114,1312,C2,13,2361661.5,0.6822914072,0.6822914072,0.6989707570999999,0.0,0.1926903678,1.0,0.4029587098,0.4029587098,0.421898001,0.43896511,21575935614.30818,1186204.9933253208
13,13,5001400,2798908521,25364917,2,114,1702,C2,17,2665409.0,0.8064821928,0.8064821928,0.8085225144,0.0,0.3613677199,1.0,0.32074089370000003,0.32074089370000003,0.37662605909999997,0.6011386861,2822288316.468502,313278.75428552146
14,14,5001400,1320334610,43372086,2,114,3102,C2,31,2243960.5,0.8604339891,0.8604339891,0.8821141984,0.0,0.45197262689999995,1.0,0.6016062033,0.6016062033,0.5724548804999999,0.6722890947,1364516263.4807496,194777.2471870305
15,15,5001400,116442177819,319452471,3,114,3503,C2,35,2000034.0,0.7884627131,0.7884627131,0.7998929375,0.0,0.3820259646,1.0,0.3763399886,0.3763399886,0.5054479429,0.6180824900999999,116762494271.5247,1959792.8704662872
16,16,5001400,1251946135,54609411,9,114,4709,C2,47,4642958.5,0.6883821406999999,0.6883821406999999,0.8029505422,0.0,0.2045174329,1.0,0.4375520263,0.4375520263,0.7281919715,0.4522360367,1306646222.181101,283347.1013903042
17,17,5001400,2677364772,60510841,22,114,4822,C2,48,0.0,0.7037873218,0.7037873218,0.7037996287,0.0,0.1530639876,1.0,0.37864503450000003,0.37864503450000003,0.37865017520000005,0.39123392960000003,2737702027.7740602,474090.77973228635
18,18,5001400,6493690835,1789304336,6,114,1206,C2,12,2152289.5,0.7005451409000001,0.7005451409000001,0.7730421409999999,0.0,0.2411331474,1.0,0.3011204802,0.3011204802,0.5621977607,0.4910531004,7304918154.697219,616998.5618874278
19,19,5001400,480908598,97628209,14,114,2614,C2,26,2122430.0,0.3964280868,0.3964280868,0.4022764977,0.0,0.10154447779999999,1.0,0.2591194527,0.2591194527,0.267288428,0.3186604428,501225178.6186989,249053.8252075388
20,20,5001400,202993290,76385505,16,114,3616,C2,36,6497993.5,0.7891457539,0.7722312240000001,0.8271965696,0.0,0.2921335062,2.0,0.42079258799999997,0.4214501469,0.5945273416,0.5404937614,220104564.9020269,97303.5692907508
21,21,5001400,6346923033,40176664,8,114,3908,C2,39,2000743.5,0.6164988654,0.6164988654,0.617172909,0.0,0.2728412663,1.0,0.4138010836,0.4138010836,0.453267494,0.522342097,6387823493.086093,542408.3386000388
22,22,5001400,1849893422,25863234,13,114,1313,C2,13,0.0,0.6108990914,0.6108990914,0.6109017429,0.0,0.1662583839,1.0,0.38299446090000006,0.38299446090000006,0.3829967107,0.4077479417,1875857314.0544128,376541.67926824384
23,23,5001400,1278249894,92424585,11,114,611,C2,6,3400985.5,0.7693906054999999,0.7693906054999999,0.785191786,0.0,0.23398277969999998,1.0,0.2897240156,0.2897240156,0.326584127,0.48371766520000004,1312939588.5365818,265543.3047317425
24,24,5001400,1749409154,51351303,1,114,901,C2,9,2211222.0,0.6730476494,0.6730476494,0.6769525898000001,0.0,0.1776350569,1.0,0.4439654841,0.4439654841,0.48264933909999996,0.42146774119999997,1800814164.768603,356923.416435015
25,25,5001400,6314597520,243142780,2,114,2702,C2,27,2552538.0,0.7434812539,0.7434812539,0.8004196651000001,0.0,0.32568410870000003,1.0,0.2948845123,0.2948845123,0.3601150582,0.5706874002000001,6557973389.470153,503027.20434428076
26,26,5001400,906592881,51952358,1,114,3401,C2,34,3235772.5,0.7073697469,0.7073697469,0.7589167426000001,0.0,0.2779490333,1.0,0.39231500420000004,0.39231500420000004,0.44919883,0.5272087189,958443605.2334505,208164.0026575699
27,27,5001400,25240977193,191831525,3,114,5403,C2,54,2452246.0,0.6732973926000001,0.6732973926000001,0.7166323043,0.0,0.1898205175,1.0,0.45215994299999995,0.45215994299999995,0.5691116559,0.43568396509999996,25431620085.188347,1297538.8471902327
28,28,5001400,1424086045,18955910,12,114,3712,C2,37,0.0,0.24998097489999999,0.24998097489999999,0.2499799305,0.0,0.0304452654,1.0,0.07110885,0.07110885,0.0710909184,0.1744857168,1442949850.977534,771739.3924466764
29,29,5001400,4537004521,1710091827,8,114,1208,C2,12,2191345.5,0.7258013381,0.7258013381,0.8077829998,0.0,0.37412212240000003,1.0,0.3023979427,0.3023979427,0.5130203611999999,0.6116552316,5369422910.541652,424680.2291857472
30,30,5001400,18792405027,277641845,8,114,1808,C2,18,2228999.5,0.6929819495999999,0.6929819495999999,0.8546403133,0.0,0.2142205698,1.0,0.3343018281,0.3343018281,0.5644155137,0.46283968049999996,19070025199.867188,1057669.4990436786
31,31,5001400,29095485548,313027357,5,114,2105,C2,21,3017218.0,0.7813065081,0.7813065081,0.8233710073999999,0.0,0.251228836,1.0,0.4506850546,0.4506850546,0.612011221,0.5012273297,29409260285.779026,1212864.3737543449
32,32,5001400,9188370960,4065699318,6,114,2606,C2,26,2044403.0,0.8656283576999999,0.8656283576999999,0.9588370531,0.0,0.5472134747,1.0,0.507978715,0.507978715,0.8159644693000001,0.7397387881999999,9453225061.597658,465925.56371450407
33,33,5001400,28779745101,827068899,3,114,5503,C2,55,2078777.0,0.5859923624,0.5859923635000001,0.6798500331999999,0.0,0.1685993314,2.0,0.3425718064,0.3425718075,0.4935791143,0.41060848920000004,29607224335.833702,1485510.9423511908
34,34,5001400,2774576062,69102200,11,114,1311,C2,13,0.0,0.7508019889,0.7508019889,0.7508028977,0.0,0.28261394100000004,1.0,0.5029689386,0.5029689386,0.4959381043,0.5316144665,2843879907.261823,355601.6503111986
35,35,5001400,7190981166,170813356,7,114,5107,C2,51,0.0,0.6123172299,0.6123172299,0.6123194829999999,0.0,0.13838854609999998,1.0,0.29875468920000003,0.29875468920000003,0.33627265359999997,0.3720061103,7362253205.138841,817636.4303369613
36,36,5001400,687483907,665984370,14,114,1214,C2,12,8986757.5,0.5863790228,0.4351921068,0.7089399973,0.0,0.1040460557,9.0,0.35953299240000003,0.23118410920000002,0.3440563867,0.3225617084,764925042.8193167,303949.5895090259
37,37,5001400,12971361001,462655606,12,114,1712,C2,17,2364336.0,0.6510865111,0.6510865111,0.7482772192,0.0,0.2459170357,1.0,0.3042504647,0.3042504647,0.523625714,0.49590022759999997,13433652375.93162,828528.929850175
38,38,5001400,22765146940,153087143,3,114,1903,C2,19,2039650.0,0.8335303359999999,0.8335303359999999,0.8501280781,0.0,0.4893324447,1.0,0.4791225051,0.4791225051,0.5690800681,0.6995230123,22918326929.86997,767174.892421357
39,39,5001400,17745436539,368131837,3,114,2903,C2,29,4650040.0,0.7739795409,0.7739795409,0.8020619995,0.0,0.2304100748,1.0,0.36166733219999997,0.36166733219999997,0.3889746654,0.48001049450000005,18112950641.720257,993913.9847985524
40,40,5001400,7828035043,225626053,2,114,4502,C2,45,2140103.0,0.7276165179999999,0.7276165179999999,0.7342675029000001,0.0,0.1819081463,1.0,0.4436679187,0.4436679187,0.451092335,0.4265069124,8053950575.208146,745904.6900586934
41,41,5001400,819873792,4240410,41,114,641,C2,6,0.0,0.7375009929999999,0.7375009929999999,0.7374959067,0.0,0.19394501109999998,1.0,0.43228770270000005,0.43228770270000005,0.4062230954,0.4403918836,824112636.355021,231078.1661798578
42,42,5001400,3121946601,31001538,16,114,3916,C2,39,8425353.0,0.5757786278,0.5757786278,0.5757780921,0.0,0.1151139732,1.0,0.39781870090000004,0.39781870090000004,0.35467004659999996,0.3392845019,3152846842.403144,586667.9284030941
43,43,5001400,111948989280,1081502469,2,114,1602,C2,16,2429548.0,0.8128491406999999,0.8128491406999999,0.8901593526999999,0.0,0.3349382305,1.0,0.5914303551,0.5914303551,0.8386611614,0.5787384819,113032932688.33629,2059325.8405758247
44,44,5001400,141733826,37427246,8,114,3408,C2,34,2749261.0,0.5198724355,0.5198724355,0.5405374722999999,0.0,0.1011464619,1.0,0.2757444508,0.2757444508,0.35469798560000004,0.3180353154,167548463.28068414,144277.8987588389
45,45,5001400,3931313199,41441032,4,114,4204,C2,42,2026802.5,0.8537138456000001,0.8537138456000001,0.8539599631,0.0,0.405803025,1.0,0.4386186275,0.4386186275,0.6437476084,0.6370267067000001,3971992166.2800956,350712.6925510467
46,46,5001400,14259581170,265569396,5,114,4505,C2,45,2413568.0,0.7555443225,0.7555443225,0.7677114435,0.0,0.2209352345,1.0,0.3606324554,0.3606324554,0.4625856957,0.470037482,14525051027.520702,908931.7505479804
47,47,5001400,15357993814,105180378,6,114,5106,C2,51,2199186.0,0.6951718277,0.6951718277,0.7518763081000001,0.0,0.1713552618,1.0,0.2641078615,0.2641078615,0.3710650447,0.4139507964,15464001896.30396,1064920.4247222543
48,48,5001400,7219205047,43666727,50,114,650,C2,6,0.0,0.8051608937000001,0.8051608937000001,0.8051583214,0.0,0.23331660899999998,1.0,0.5096048082,0.5096048082,0.5430903011,0.48302857990000003,7262708017.91085,625433.8698123662
49,49,5001400,7354278768,118616551,16,114,616,C2,6,0.0,0.7443620546999999,0.7443620546999999,0.7443638382,0.0,0.2680215373,1.0,0.4539666585,0.4539666585,0.4456761666,0.5177079653,7472879169.315136,591921.4322184329
50,50,5001400,981206645,27262385,6,114,1706,C2,17,0.0,0.5723703622999999,0.5723703622999999,0.5723626819,0.0,0.11126166359999999,1.0,0.3127430375,0.3127430375,0.3127452157,0.3335590857,1008514809.8296322,337499.6271397717
51,51,5001400,532292872,10747820,8,114,1708,C2,17,0.0,0.6048043775999999,0.6048043775999999,0.6048050254999999,0.0,0.1260453143,1.0,0.3961995993,0.3961995993,0.39513043369999995,0.35502861049999995,542978875.0130718,232666.0656022656
52,52,5001400,401885238,2643777,13,114,4213,C2,42,608478.5,0.6037384929999999,0.6037384929999999,0.6037372889,0.0,0.07759928,1.0,0.344912715,0.344912715,0.3553333057,0.2785664733,404636157.957512,255981.411954576
53,53,5001400,19742159194,316389931,25,114,4825,C2,48,0.0,0.6067767163000001,0.6067767163000001,0.606774835,0.0,0.1623381891,1.0,0.2669223932,0.2669223932,0.2669243348,0.4029121357,20058622608.84493,1246077.7381707365
54,54,5001400,680645100,23184756,24,114,4824,C2,48,0.0,0.7494601741,0.7494601741,0.7494617842,0.0,0.21766733859999998,1.0,0.3780665193,0.3780665193,0.3780692899,0.46654832399999996,703991429.2151164,201600.67611270142
55,55,5001400,8375266427,386742957,25,114,1225,C2,12,4551889.0,0.7421829879999999,0.7421829879999999,0.7435816487000001,0.0,0.3230373129,1.0,0.3970845098,0.3970845098,0.4042723017,0.5683637153,8658169523.062757,580352.193070665
56,56,5001400,481831648,600687939,13,114,1213,C2,12,4952598.5,0.6898052303,0.6902640303,0.907881442,0.0,0.1929712854,2.0,0.25856638789999997,0.25865576,0.7515891043,0.43928497060000005,593077749.1293277,196523.4603349857
57,57,5001400,6669523132,101611536,10,114,3710,C2,37,2171874.0,0.7024259713,0.7024259713,0.7105675942,0.0,0.2387420989,1.0,0.3461803618,0.3461803618,0.45260082030000004,0.48861242200000005,6770986725.773226,596989.1104688754
58,58,5001400,9251133393,64390794,5,114,3705,C2,37,2263618.5,0.7012099575,0.7012099575,0.7110496431000001,0.0,0.16390308050000002,1.0,0.40360319479999995,0.40360319479999995,0.4818775731,0.40484945409999995,9315876377.65467,845129.4434542431
59,59,5001400,24291224380,299389839,28,114,4828,C2,48,3174777.0,0.4975259253,0.4975259253,0.5251083261999999,0.0,0.1385063212,1.0,0.2122923834,0.2122923834,0.2747152162,0.3721643739,24589020852.145664,1493622.1739869397
60,60,5001400,6324922468,2551227886,14,114,4814,C2,48,10823606.5,0.6976412028,0.5087536127000001,0.6609884429999999,0.0,0.0933704759,7.0,0.35223146409999995,0.1897910196,0.331556069,0.3055658292,6971717037.260917,968657.0010310779
61,61,5001400,1840228113,3691978,16,114,4816,C2,48,2286561.5,0.9425057997,0.9425057997,0.9744095912999999,0.0,0.5700277117,1.0,0.4872336719,0.4872336719,0.7952017368000001,0.7550017957999999,1844208379.8285265,201633.1537158255
62,62,5001400,150372534602,449356467,23,114,4823,C2,48,6003200.5,0.7266282419,0.7266282419,0.8664260792,0.0,0.21573388129999999,1.0,0.28280177100000004,0.28280177100000004,0.5452724278,0.4644716152,150823322077.17447,2964012.321674579
63,63,5001400,1537892540,19684204,35,114,4835,C2,48,0.0,0.3640486125,0.3640486125,0.36404879619999997,0.0,0.056021290999999994,1.0,0.0948991003,0.0948991003,0.0948996901,0.2366881725,1557644842.2046351,591102.2279655808
64,64,5001400,99325308090,766222982,13,114,4813,C2,48,2165466.5,0.6712894809000001,0.6712894809000001,0.8761687173999999,0.0,0.26593048329999996,1.0,0.3007044741,0.3007044741,0.5686219467,0.5156844804,100090999249.33951,2174795.2865940453
65,65,5001400,426482311,3389600,9,114,409,C2,4,0.0,0.5388007369,0.5388007369,0.538806146,0.0,0.1587930724,1.0,0.3255916283,0.3255916283,0.3245549833,0.3984884847,429906073.51656187,184448.84770175262
66,66,5001400,103638076153,2945583941,2,114,4902,C2,49,5878064.0,0.8179561920999999,0.8179561920999999,0.8181619841,0.0,0.37102587060000003,1.0,0.5251390691,0.5251390691,0.6831331194,0.6091189297999999,106590015760.20189,1900032.8026521963
67,67,5001400,583673927,27126111,1,114,2901,C2,29,2639616.0,0.7292047759999999,0.7292047759999999,0.7835511996,0.0,0.277062459,1.0,0.4717994789,0.4717994789,0.6004538291,0.5263672282999999,611169810.3392092,166493.4054953908
68,68,5001400,16075649515,106608469,6,114,1806,C2,18,2089231.5,0.8620493869,0.8620493869,0.8974394703,0.0,0.4703717312,1.0,0.4838145663,0.4838145663,0.6619159713,0.6858365193000001,16182016895.299524,657507.4083131842
69,69,5001400,31293390163,1224895056,1,114,2101,C2,21,3172996.0,0.6248737001,0.6193696757,0.7021967691,0.0,0.1318545733,2.0,0.2286301239,0.2163207348,0.6028450262,0.3631178504,32516971871.61864,1760404.1385487637
70,70,5001400,10727776894,207561390,1,114,4701,C2,47,2466762.5,0.7693523419,0.7693523419,0.8633616646,0.0,0.239560718,1.0,0.3026908866,0.3026908866,0.7757296263,0.4894494029,10935227479.72267,757375.1297145309
71,71,5001400,3233297566,72166636,5,114,4705,C2,47,0.0,0.7862882817,0.7855226059,0.7855185216,0.0,0.2983842654,2.0,0.47461454049999996,0.4746260625,0.46939131520000005,0.546245609,3305758206.4414334,373123.4251567075
72,72,5001400,4137784871,62451338,14,114,1714,C2,17,2000807.0,0.6510886347,0.6510886347,0.6514307744,0.0,0.1668917106,1.0,0.3192909048,0.3192909048,0.35108346450000005,0.40852381880000005,4201566599.3766785,562461.9847446759
73,73,5001400,16769383649,325257503,6,114,4706,C2,47,2417122.5,0.7087757816,0.7087757816,0.7132389932,1.0,0.24325414690000002,1.0,0.40318478560000004,0.40318478560000004,0.5624371117,0.4932080159,17094354855.22268,939725.8274954392
74,74,5001400,248167134,1377952,5,114,1705,C2,17,4625850.0,0.48984626439999995,0.48984626439999995,0.4903209832,0.0,0.0943487629,1.0,0.3319564772,0.3319564772,0.3114926189,0.3071624373,249692789.54103035,182364.30155861308
75,75,5001400,727505350,14393991,11,114,1711,C2,17,0.0,0.5447046815,0.5447046815,0.5447009715,0.0,0.1242533064,1.0,0.3650536992,0.3650536992,0.35710317770000005,0.3524958247,741955966.0892702,273930.26685317466
76,76,5001400,272940465,1558242,9,114,1709,C2,17,3619570.5,0.5979666483,0.5979666483,0.6133858617,0.0,0.14153775429999998,1.0,0.2426850073,0.2426850073,0.29091062370000004,0.37621503729999994,274222142.4853192,156034.2872837372
77,77,5001400,1432623041,512378639,49,114,649,C2,6,2679729.5,0.5894571971,0.5894571971,0.751110602,0.0,0.1542682543,1.0,0.2212005827,0.2212005827,0.371450441,0.39276997630000005,1444070857.815792,342973.7653724931
78,78,5001400,85126210480,450307265,8,114,608,C2,6,2663387.5,0.8191292116,0.8191292116,0.8235377756000001,0.0,0.2841052394,1.0,0.2256466507,0.2256466507,0.4342992429,0.5330152336999999,85580863207.16592,1945600.377519436
79,79,5001400,12624185548,1574913163,20,114,620,C2,6,3264785.0,0.8461385196,0.8451603893999999,0.9040807996,0.0,0.331082178,2.0,0.3537962958,0.3537981947,0.45564419,0.5753974087,12722704521.153662,694907.1028913133
80,80,5001400,321774529,5320498,32,114,632,C2,6,0.0,0.6498586157,0.6498586157,0.6498533337,0.0,0.1345395815,1.0,0.3939691575,0.3939691575,0.3939711233,0.36679637600000004,327183470.3753038,174813.7435646906
81,81,5001400,2372242343,15213802,19,114,619,C2,6,0.0,0.7754563973,0.7754563973,0.77545288,0.0,0.2297666032,1.0,0.4601093778,0.4601093778,0.4601124532,0.47933975759999997,2387423054.962405,361348.4297663986
82,82,5001400,1812793199,7559686,27,114,627,C2,6,0.0,0.7572972517000001,0.7572972517000001,0.7572937070999999,0.0,0.23628190649999997,1.0,0.5726171059,0.5726171059,0.5610428593,0.4860883732,1820138916.4062247,311130.0555127341
83,83,5001400,1552875750,69374049,15,114,615,C2,6,2693524.0,0.771511313,0.771511313,0.7734745886,0.0,0.3090605768,1.0,0.3949420477,0.3949420477,0.41175597770000005,0.5559321692,1565146867.3843815,252267.1349233296
84,84,5001400,350757638,6842137,53,114,653,C2,6,0.0,0.7026436282999999,0.7026436282999999,0.7026481973,0.0,0.1655108548,1.0,0.4304789552,0.4304789552,0.4589877349,0.406830253,357510623.37153816,164754.0756479024
85,85,5001400,33247296220,858147109,4,114,604,C2,6,2153926.5,0.8205439938,0.8205439938,0.8338529765,0.0,0.298305763,1.0,0.3226362633,0.3226362633,0.4031237064,0.546173748,34104978390.87659,1198624.083555884
86,86,5001400,7378105732,103447326,3,114,3203,C2,32,3483274.0,0.9061511798,0.9061511798,0.9434559776000001,0.0,0.42208508710000003,1.0,0.3451595326,0.3451595326,0.8269116162000001,0.6496807578,7479297799.372243,471884.09631178685
87,87,5001400,132083026429,628297894,4,114,3204,C2,32,5318708.5,0.8738817144,0.8738817144,0.8783902365999999,0.0,0.5195645745,1.0,0.5257134469,0.5257134469,0.7212136912999999,0.7208082786,132707779724.0782,1791568.2515518982
88,88,5001400,6087286879,129397696,1,114,2501,C2,25,2181031.5,0.7487761140000001,0.7487761140000001,0.7742774029,0.0,0.3144490373,1.0,0.410360004,0.410360004,0.6403201543,0.5607575565999999,6216089402.409912,498411.92338631564
89,89,5001400,40280272922,959085891,2,114,2802,C2,28,2178293.5,0.7837867934999999,0.7837867934999999,0.8646743063,0.0,0.1517586651,1.0,0.3766565322,0.3766565322,0.6289742853,0.3895621453,41240005593.66292,1847938.616150661
90,90,5001400,2233888247,21404312,7,114,4207,C2,42,2584497.5,0.45881682700000004,0.45881682700000004,0.47698416880000005,0.0,0.0422515486,1.0,0.3366883301,0.3366883301,0.4017655181,0.2055518148,2256984639.0036955,819309.3632398616
91,91,5001400,21698029750,298832373,10,114,4210,C2,42,3046583.0,0.594170799,0.594170799,0.6045842791,0.0,0.1465121301,1.0,0.3321965695,0.3321965695,0.3809981965,0.3827690297,21997281278.084858,1373575.8448188787
92,92,5001400,1831099436,49241182,8,114,4208,C2,42,2047089.5,0.7673890305,0.7673890305,0.8236397406,0.0,0.3714064307,1.0,0.42026014840000003,0.42026014840000003,0.5576875764,0.6094312354,1880783347.1573312,252260.7065999351
93,93,5001400,13644928825,518870465,3,114,4503,C2,45,2127772.5,0.8577957495,0.8577957495,0.9132072715,0.0,0.3488240989,1.0,0.48758240630000005,0.48758240630000005,0.7445334547,0.5906133244,14163759517.769539,714316.9633018959
94,94,5001400,20883164570,863195414,6,114,4506,C2,45,9322050.0,0.6678405676,0.6678405676,0.6859567615000001,0.0,0.0883331468,1.0,0.43778551920000003,0.43778551920000003,0.5533258336,0.2972089279,21676584942.17239,1756056.6089268234
95,95,5001400,3553763018,35974470,10,114,5110,C2,51,2341376.5,0.5920193504,0.5920193504,0.7268997476000001,0.0,0.1325495873,1.0,0.2898381675,0.2898381675,0.45718960630000005,0.3640736015,3589224809.9511647,583332.3643854884
96,96,5001400,386530038,28921796,8,114,5108,C2,51,3357329.5,0.797877774,0.797877774,0.8657639573,0.0,0.2791150967,1.0,0.3851047581,0.3851047581,0.476294386,0.5283134454999999,404059874.472418,134876.4512658228
97,97,5001400,2141250199,233336680,10,114,5310,C2,53,3324715.5,0.7093386276000001,0.7199962201000001,0.7630580393999999,0.0,0.1727670338,4.0,0.387904806,0.3932118729,0.423669211,0.4156525397,2261051093.300729,405536.2507110283
98,98,5001400,16254295416,176409446,1,114,5401,C2,54,2197584.0,0.46439403020000003,0.46439403020000003,0.7455615556,0.0,0.1439788375,1.0,0.2901601901,0.2901601901,0.5057998078,0.3794454341,16430757017.185072,1197524.4447532208
99,99,5001400,8507367969,7462252333,2,114,2602,C2,26,2549640.0,0.8336975520000001,0.8336975520000001,0.8692154487999999,0.0,0.3526800231,1.0,0.4088943856,0.4088943856,0.5006436121,0.5938686918,8855489881.07127,561721.177147242
100,100,5001400,1085446544,55801941,11,114,2611,C2,26,0.0,0.6410389718999999,0.6410389718999999,0.6410447568,0.0,0.1574474998,1.0,0.45064390579999997,0.45064390579999997,0.413301288,0.3967965471,1141255403.034871,301806.4180626072
101,101,5001400,3893103537,99752492,8,114,2608,C2,26,0.0,0.7626823915000001,0.7626823915000001,0.7626873085,0.0,0.3698923624,1.0,0.2886364642,0.2886364642,0.2886384078,0.6081877689999999,3992937056.252936,368309.97585363005
102,102,5001400,77166989,711425,6,114,3606,C2,36,2538097.0,0.8004742681,0.8004742681,0.8006559205,0.0,0.3572820911,1.0,0.4287827619,0.4287827619,0.4322042534,0.5977307848,77923052.02062099,52351.880380612594
103,103,5001400,74744000,46974581,8,114,3608,C2,36,7298548.5,0.5545745969,0.5545745969,0.5674085307,0.0,0.2062706417,1.0,0.3780366215,0.3780366215,0.41666317700000005,0.4541702783,105072712.28348853,80007.59092255241
104,104,5001400,3505386191,162160235,18,114,3618,C2,36,4491772.0,0.7222776597,0.7222776597,0.7357799301000001,0.0,0.3166000232,1.0,0.38157150939999995,0.38157150939999995,0.5163110567,0.5626722165,3667791155.795335,381550.26569187595
105,105,5001400,660290869,301947096,3,114,3603,C2,36,5491525.5,0.784214939,0.7597269329999999,0.875731356,0.0,0.1604137715,2.0,0.3706031722,0.316068856,0.4569309262,0.4005168804,680618136.2394434,230906.34446467488
106,106,5001400,15713026281,2275882448,1,114,101,C2,1,2405061.5,0.6606474184000001,0.6571295717,0.8045899673,0.0,0.1110376606,7.0,0.43600851420000003,0.41047538450000004,0.6584818248,0.33322313940000003,16118878414.890537,1350632.4818046188
107,107,5001400,23022866978,572885003,4,114,104,C2,1,4803517.0,0.6227183563,0.6227183563,0.6230445593,0.0,0.1852757245,1.0,0.3638624943,0.3638624943,0.44543038170000004,0.43043666729999996,23597224715.84229,1265103.7295870678
108,108,5001400,2512723917,47207825,7,114,3407,C2,34,2438968.0,0.7022109458,0.7022109458,0.7263663687999999,0.0,0.2182782327,1.0,0.4959904793,0.4959904793,0.5160723012,0.4672025607,2559841651.597248,383889.5305685247
109,109,5001400,246915922,19228539,9,114,3409,C2,34,2097500.0,0.5862914935,0.5862914935,0.5873090912,0.0,0.18039187269999998,1.0,0.4577272755,0.4577272755,0.44799883520000006,0.42472564409999997,266357335.82884553,136216.2059275678
110,110,5001400,98686018168,435843057,4,114,804,C2,8,2000785.0,0.8121856581999999,0.8121856581999999,0.8134741601000001,0.0,0.3729802732,1.0,0.4631707222,0.4631707222,0.6191799349,0.6107211092,99117214965.64609,1827412.3092242256
111,111,5001400,541609936,954825589,27,114,1227,C2,12,4053596.5,0.5217666564,0.4518844671,0.7703962487999999,0.0,0.1058848035,5.0,0.1714231237,0.18920155649999998,0.31603927649999997,0.3253994522,600804483.9202166,267026.70522676874
112,112,5001400,6510979548,1027597335,11,114,1211,C2,12,3752876.0,0.6932431777,0.6919176425,0.7106924894,0.0,0.2792458798,2.0,0.49296459119999997,0.493318808,0.5264595320000001,0.5284372051,7013601603.593647,561800.4613458269
113,113,5001400,20880734361,2248723578,1,114,1301,C2,13,2595632.0,0.737340276,0.7373530615,0.8565361241,0.0,0.2101756872,2.0,0.38232658,0.38233161649999997,0.4993209135,0.45844921990000004,21806608069.63536,1141846.5734384868
114,114,5001400,10252900076,132018111,2,114,1802,C2,18,3149075.5,0.8258166943,0.8258166943,0.826055512,0.0,0.4697485046,1.0,0.5792646215999999,0.5792646215999999,0.6011674150999999,0.6853820136,10383969399.590551,527052.5619489627
115,115,5001400,478784802,5411425,13,114,2613,C2,26,4347904.0,0.6116295436,0.6116295436,0.6253094113000001,0.0,0.1843904982,1.0,0.3117199588,0.3117199588,0.38918310829999997,0.42940714729999996,484228187.4807312,181660.5800044137
116,116,5001400,13150575882,386910918,22,114,3622,C2,36,4143427.0,0.6469570387,0.6469570387,0.6507909259,0.0,0.2242404023,1.0,0.3828269546,0.3828269546,0.4049443817,0.4735402859,13497336548.488527,869705.1433929148
117,117,5001400,1321405516,1831736465,25,114,3625,C2,36,2062368.5,0.842540339,0.842540339,0.915129603,0.0,0.5296696255,1.0,0.5133154194,0.5133154194,0.6242624901,0.7277840514,1343129192.5042536,178509.48291404487
118,118,5001400,2782975803,82810362,3,114,4103,C2,41,2283198.0,0.7128648656000001,0.7128648656000001,0.8018126906999999,0.0,0.2487691082,1.0,0.38380334950000006,0.38380334950000006,0.4975548828,0.4987675893,2865500448.2316895,380458.1990369702
119,119,5001400,2927356889,697336498,10,114,1210,C2,12,0.0,0.7329685394,0.7329685394,0.7329676214,0.0,0.20199721420000002,1.0,0.39782462399999996,0.39782462399999996,0.39207515090000006,0.44944100189999997,3624259289.4547334,474834.0697213232
120,120,5001400,19816654953,308022636,17,114,4817,C2,48,0.0,0.6727389999,0.6727389999,0.6727403512000001,1.0,0.2033466335,1.0,0.4423715428,0.4423715428,0.44170813579999996,0.4509397226,20124660280.22448,1115194.7534577672
121,121,5001400,560002790,1176469688,47,114,647,C2,6,2126398.0,0.7199374965,0.13741454990000002,0.7163259747,0.0,0.0849316619,3.0,0.23531111429999998,0.0493298479,0.32983019690000004,0.2914303723,587401223.9499601,294806.8324010464
122,122,5001400,19517171072,235702876,2,114,802,C2,8,2090677.0,0.7640740273000001,0.7640740273000001,0.7645214647,0.0,0.2353108414,1.0,0.49262913810000003,0.49262913810000003,0.5014637586,0.4850884882,19752357213.40947,1027054.3567066359
123,123,5001400,10300761240,4036014271,1,114,2401,C2,24,2574948.0,0.5004926029,0.48290823369999997,0.7162148998000001,0.0,0.044149916799999994,10.0,0.2193641649,0.2201221569,0.5095189095,0.2101188159,11203000072.474165,1785694.4820226473
124,124,5001400,902930408,440381767,2,114,2402,C2,24,5299891.0,0.44104131950000003,0.39009471840000004,0.4377795429,0.0,0.031247380699999997,10.0,0.2190446945,0.18427298539999998,0.22033387489999998,0.17676928649999998,977140681.2621247,626868.822013784
125,125,5001400,5060012471,3734225462,14,114,3914,C2,39,2225805.0,0.8194245662,0.8194245662,0.8263300906000001,0.0,0.2732218459,1.0,0.41080993520000003,0.41080993520000003,0.6381581491,0.5227062712,5152099095.637849,486787.39647156117
126,126,5001400,11837020194,372481465,3,114,4703,C2,47,6417118.0,0.6169711701,0.6169711701,0.6279050198,3.0,0.1246111835,1.0,0.3138247427,0.3138247427,0.3966813846,0.35300309280000003,12212261428.880941,1109748.2476512524
127,127,5001400,16022151732,1095021326,1,114,5301,C2,53,2912152.0,0.7816447513,0.7317502169,0.8039680658,0.0,0.21564221309999998,5.0,0.5070162212,0.4494296276,0.5840729519,0.4643729246,16317565573.831427,975137.201811317
128,128,5001400,17832799687,3683662579,24,114,624,C2,6,3806248.0,0.7410215582999999,0.5171715118,0.7975303091,0.0,0.1904472427,5.0,0.2897198963,0.2039406994,0.4357522966,0.43640261539999997,17942345656.765507,1088070.9036153571
129,129,5001400,6083579622,4835388655,5,114,2605,C2,26,2231049.0,0.5828766617,0.583030289,0.7302458428,0.0,0.1607430244,4.0,0.1999081729,0.19994177440000002,0.2467557796,0.4009277046,6227540328.909444,697745.6517673904
130,130,5001400,861425138,84706367,4,114,2704,C2,27,2017935.0,0.877269492,0.877269492,0.9148926575,0.0,0.5684797736,1.0,0.5583743312,0.5583743312,0.6014786947,0.7539759768000001,946219662.6001693,144625.011892158
131,131,5001400,2218364564,116829570,9,114,3709,C2,37,2620125.0,0.508889704,0.508889704,0.5462849919,0.0,0.086365996,1.0,0.16680894699999999,0.16680894699999999,0.1885567366,0.2938809215,2335470634.293135,582935.8227692202
132,132,5001400,2119985736,145652184,15,114,1215,C2,12,0.0,0.7472620948,0.7472620948,0.7472679915,0.0,0.2738879458,1.0,0.43966010299999997,0.43966010299999997,0.4495874182,0.5233430479,2265778127.828133,322423.8523601112
133,133,5001400,135857813,889689,4,114,1704,C2,17,108644.0,0.4195085694,0.4195085694,0.41950995329999996,0.0,0.055696629299999995,1.0,0.2982331765,0.2982331765,0.29731956239999996,0.2360013332,136752427.2173372,175653.9810950231
134,134,5001400,351510165,16642555,5,114,2705,C2,27,0.0,0.8255776579,0.8255776579,0.8255791004,0.0,0.36408363920000003,1.0,0.5179416186,0.5179416186,0.5003039436,0.6033934365,368174804.039576,112727.8911121741
135,135,5001400,1803034371,329896892,18,114,618,C2,6,4515298.5,0.8044455068999999,0.8044455068999999,0.8160460706,0.0,0.2381397754,1.0,0.5873602988000001,0.5873602988000001,0.6567447612,0.4879956715,1812363055.0999746,309251.3203023745
136,136,5001400,24931996996,449447372,2,114,1302,C2,13,2571538.0,0.830008649,0.830008649,0.8498971009999999,0.0,0.314775594,1.0,0.44158241789999997,0.44158241789999997,0.5325739495,0.5610486556000001,25381300288.379013,1006610.2296934313
137,137,5001400,17956603398,338969478,17,114,1717,C2,17,2652458.0,0.538516627,0.538516627,0.6460942514,0.0,0.19430177699999998,1.0,0.31248200379999996,0.31248200379999996,0.417317247,0.4407967525,18294880742.60774,1087755.6235444886
138,138,5001400,18087440399,5595387465,3,114,2203,C2,22,3989974.0,0.7680359164,0.7590558699,0.9117350639,0.0,0.18218891210000002,6.0,0.3336518159,0.3379935919,0.6005222313,0.42683593119999996,20221216074.324608,1180993.7401356243
139,139,5001400,27383797448,408991883,1,114,2801,C2,28,2030371.5,0.811818562,0.811818562,0.8160466075,0.0,0.3436269212,1.0,0.4891931782,0.4891931782,0.5736881697,0.5861969986,27793018880.791054,1008159.3976124631
140,140,5001400,73725753,39260843,14,114,3614,C2,36,2654416.0,0.5705112496,0.5515047715,0.619729689,0.0,0.1372003237,2.0,0.2766342573,0.2787239204,0.3198532475,0.3704056205,89407068.88546191,90492.6471300034
141,141,5001400,3365082966,44755518,4,114,4504,C2,45,2465933.0,0.7969800443999999,0.7969800443999999,0.8126527311,0.0,0.2808630141,1.0,0.4490392153,0.4490392153,0.49548058310000004,0.5299651065,3410388238.012946,390624.5791704121
142,142,5001400,143131706,351787,37,114,637,C2,6,0.0,0.8177962570999999,0.8177962570999999,0.8178010242,0.0,0.34248773369999996,1.0,0.48736477899999997,0.48736477899999997,0.47159574060000004,0.5852245156,143498144.41971254,72561.3850261154
143,143,5001400,1330795295,166994670,7,114,1207,C2,12,0.0,0.7717239281,0.7717239281,0.77171756,0.0,0.22164637690000003,1.0,0.6105775115,0.6105775115,0.5584199745,0.47079334840000003,1497225269.1180143,291352.12355575693
144,144,5001400,609345587,4419928,18,114,4818,C2,48,0.0,0.5870770186,0.5870770186,0.5870844765,0.0,0.08264435860000001,1.0,0.3661310579,0.3661310579,0.3661340676,0.2874793185,613689618.8962274,305472.9181701087
145,145,5001400,3232924723,87367292,5,114,905,C2,9,2024022.5,0.7491437989,0.7491437989,0.7505515856,0.0,0.2277686772,1.0,0.5437908578,0.5437908578,0.6447997163,0.4772511678,3319978702.9206786,427982.0761026973
146,146,5001400,31206210006,228642475,1,114,1901,C2,19,2151703.5,0.6730864837,0.6730864837,0.7113831086,0.0,0.2945424934,1.0,0.39694483,0.39694483,0.5898631506,0.5427176922,31433733784.534283,1158054.3384205585
147,147,5001400,10439396669,14395703699,1,114,2201,C2,22,6335992.5,0.5761586371999999,0.43867805670000004,0.6888955009000001,0.0,0.032993332400000006,43.0,0.2888463942,0.2913178798,0.5452042262,0.18164066829999997,14794920024.175226,2373822.0078004864
148,148,5001400,8511484178,4734294259,1,114,2301,C2,23,2284040.0,0.6132167413,0.47649578979999996,0.7373776976,0.0,0.049909955,74.0,0.3108529317,0.266896901,0.6457626912,0.22340536030000002,9358435607.814224,1535016.2276436884
149,149,5001400,6381144596,625513419,1,114,3301,C2,33,2167319.5,0.647856526,0.6173764039,0.7274555765,0.0,0.1858906382,4.0,0.2930879735,0.2930943353,0.42275995710000003,0.4311503661,6828644164.022543,679427.9583392825
150,150,5001400,169861399,126902111,11,114,3611,C2,36,5998616.0,0.8346708709,0.6902431609,0.9463761865000001,0.0,0.2703799661,3.0,0.37932216950000003,0.2881710625,0.8654173753,0.5199807363000001,172987869.3832108,89665.5263566908
151,151,5001400,26315652,7203614,13,114,3613,C2,36,3156693.5,0.6463275866,0.6463275866,0.6504507107999999,0.0,0.2902108255,1.0,0.2546252269,0.2546252269,0.3038972827,0.5387121917000001,33457138.89572954,38062.0808465184
152,152,5001400,4226104901,143411697,1,114,4001,C2,40,1999968.0,0.49599125990000004,0.49599125990000004,0.4960040203,0.0,0.2072536932,1.0,0.2540006427,0.2540006427,0.2574935438,0.4552512418,4369449010.8201475,514715.3626348421
153,153,5001400,54379812758,1950614933,2,114,4002,C2,40,2146585.0,0.8053994346,0.8053994346,0.8556098095999999,0.0,0.2677907021,1.0,0.4347525469,0.4347525469,0.6093388221,0.5174849777,56329045143.789116,1625823.4366673494
154,154,5001400,3837152337,2069385210,5,114,2405,C2,24,2113784.0,0.7110951570999999,0.7111488183,0.9015462748999999,0.0,0.18560997059999998,4.0,0.3226430659,0.3226710913,0.5636555482,0.4308247562,4134129769.215295,529049.5307376727
155,155,5001400,2226216466,24164984,8,114,2408,C2,24,4484985.5,0.5359268567000001,0.5359268567000001,0.5448496299,0.0,0.08642544630000001,1.0,0.3279771969,0.3279771969,0.3928694968,0.293982051,2250926984.846693,572090.6110820001
156,156,5001400,10009771518,64676659,7,114,3907,C2,39,0.0,0.6166895378,0.6166895378,0.6166907559,0.0,0.1289574357,1.0,0.5263241432,0.5263241432,0.4858132233,0.35910644070000003,10074173431.61326,990801.0296397208
157,157,5001400,12082200183,122466513,4,114,3904,C2,39,11731626.5,0.5363545668,0.5363545668,0.5476632718,0.0,0.15093032439999998,1.0,0.2584719161,0.2584719161,0.28780112480000003,0.3884975217,12197011875.060324,1007728.1784737948
158,158,5001400,1961346008,33224585,3,114,2003,C2,20,4477376.0,0.8477885668,0.8477885668,0.8732933088,0.0,0.4560737148,1.0,0.42258618530000003,0.42258618530000003,0.6143933979999999,0.6753322996,1993743987.8912115,234380.8397297304
159,159,5001400,36631037175,530219778,2,114,2002,C2,20,5341707.5,0.7389174577,0.7389174577,0.7553289994,0.0,0.3496709046,1.0,0.3470996026,0.3470996026,0.46465040840000005,0.5913297765,37159471640.638,1155606.4272308615
160,160,5001400,332656367,2454584430,4,114,5504,C2,55,2189157.5,0.719036997,0.719036997,0.7796402445,0.0,0.1468747798,1.0,0.3014401042,0.3014401042,0.41984859409999997,0.38324245560000003,336215676.56118053,169605.6428655142
161,161,5001400,11750220587,189203227,2,114,5502,C2,55,3860861.0,0.8784599959,0.8784599959,0.8794742932999999,0.0,0.4349290261,1.0,0.5397173028,0.5397173028,0.5898831762,0.6594914905,11940131203.09075,587354.4795832895
162,162,5001400,196349394266,3379810671,1,114,4600,C1,46,0.0,0.9281493693,0.9281493693,1.0,0.0,0.5817248705,1.0,0.49440878950000006,0.49440878950000006,1.0,0.7627089028,199727320058.74173,2077135.6210739696
163,163,5001400,5148623217,297839616,2,114,902,C2,9,2311790.5,0.8258813083,0.8258813083,0.8438165513,0.0,0.3938355056,1.0,0.5553723224,0.5553723224,0.7163950389,0.6275631487,5311073486.452514,411659.9850423526
164,164,5001400,1982354906,694777592,2,114,4402,C2,44,2989162.0,0.8256056217000001,0.7177261115000001,0.9470381756,0.0,0.3062008728,2.0,0.39338215579999997,0.2775686894,0.7500499559,0.5533542019,2096259646.4366622,293308.2352828807
165,165,5001400,4859795621,587464913,4,114,1204,C2,12,2029210.0,0.732463667,0.732463667,0.8732071036,0.0,0.1472065772,1.0,0.4751907796,0.4751907796,0.6365662717,0.3836750933,5123348590.294852,661330.0814717192
166,166,5001400,27742738757,213229360,5,114,4205,C2,42,2004593.5,0.7298340641,0.7298340641,0.7862984922,0.0,0.2691074316,1.0,0.457204792,0.457204792,0.5274937551,0.518755657,27955727679.12406,1142555.9781088352
167,167,5001400,10803479813,176071775,6,114,106,C2,1,0.0,0.6909446077,0.6909446077,0.6909442664,0.0,0.14092815179999998,1.0,0.4580259183,0.4580259183,0.42812716030000003,0.37540398469999997,10980107685.4212,989485.3158166914
168,168,5001400,419730021,3144993,7,114,4807,C2,48,0.0,0.5547108085,0.5547108085,0.5547142213,0.0,0.1402569201,1.0,0.3331229905,0.3331229905,0.3275017837,0.37450890530000003,422831647.3795481,194637.50352722962
169,169,5001400,1398012598,4391235,8,114,408,C2,4,0.0,0.6594804248,0.6594804248,0.6594788727,0.0,0.20455601920000002,1.0,0.3572798686,0.3572798686,0.35728221340000005,0.4522786964,1402379140.1264243,293515.8253621469
170,170,5001400,11620857452,145811939,9,114,1809,C2,18,2182896.0,0.799387093,0.799387093,0.8237149119,0.0,0.3609062864,1.0,0.4179691671,0.4179691671,0.47501130350000004,0.6007547639999999,11765007412.942766,640035.1287026872
171,171,5001400,49858115741,807517049,4,114,5304,C2,53,4167832.0,0.6570856337,0.6570856337,0.6593599165999999,0.0,0.2407428577,1.0,0.43568339799999994,0.43568339799999994,0.4519417432,0.49065553869999995,50668031313.84877,1626279.7017500347
172,172,5001400,158364990,18633403,98,114,1198,C4,11,0.0,0.856408051,0.856408051,0.9999982854,0.0,0.5497946284,1.0,0.43313197810000004,0.43313197810000004,0.9999918875,0.7414813743,176929722.14435887,63592.3806448721
173,173,5001400,4482867913,318962871,5,114,605,C2,6,2459741.5,0.7108777269,0.7108777269,0.7298375012999999,0.0,0.1659410613,1.0,0.2805986878,0.2805986878,0.3152186428,0.40735863969999997,4670413434.864129,594710.5786729222
174,174,5001400,5419985905,2031556045,2,114,3402,C2,34,5150631.0,0.7789235154999999,0.7789235154999999,0.8815856402,0.0,0.2864707235,1.0,0.46831322909999995,0.46831322909999995,0.6531546217,0.5352295989,5909735675.222297,509153.6223493332
175,175,5001400,20300724551,138380234,2,114,402,C2,4,2000930.0,0.8846461992,0.8846461992,0.8848792584999999,0.0,0.4925507991,1.0,0.5177532404999999,0.5177532404999999,0.6573716729,0.7018196343,20439383645.326084,722126.5549391964
176,176,5001400,15005445873,215865613,13,114,1713,C2,17,2248041.5,0.559169732,0.559169732,0.5766578364,0.0,0.19169270859999998,1.0,0.296903551,0.296903551,0.3028685148,0.4378272588,15220778735.204004,998896.6838893434
177,177,5001400,179856895770,1902717547,2,114,4102,C2,41,2115300.0,0.8695422111,0.8695422111,0.9099350823000001,0.0,0.4943471241,1.0,0.5023670892000001,0.5023670892000001,0.7621634643,0.7030982322,181760070814.3833,2149503.554659204
178,178,5001400,88362563246,813197765,3,114,4003,C2,40,2238464.5,0.6901380565,0.6901380565,0.9119642145,0.0,0.2727044206,1.0,0.2869789886,0.2869789886,0.7663709528,0.5222110881,89177730627.81183,2027155.4401209918
179,179,5001400,2432374538,807090323,26,114,626,C2,6,5983512.0,0.7897440388,0.32138857190000003,0.7545562532,0.0,0.2250946264,3.0,0.4357143286,0.12281308369999999,0.4489731764,0.47444138350000004,2462129977.886325,370747.17994044314
180,180,5001400,2996689840,624729701,1,114,1801,C2,18,2382259.5,0.7614457963,0.7614457963,0.8564520496,0.0,0.44156077229999996,1.0,0.392381015,0.392381015,0.5324780165,0.664500393,3019546979.116921,293143.71363660076
181,181,5001400,5368517143,17435303,18,114,4218,C2,42,2127730.0,0.6691110267,0.6691110267,0.6692870749000001,0.0,0.17545704809999998,1.0,0.37975730399999996,0.37975730399999996,0.45034346270000003,0.418875934,5385871843.986455,621079.9801292779
182,182,5001400,3189342922,81980459,20,114,3620,C2,36,0.0,0.7706060288,0.7706060288,0.7706089153,0.0,0.3486736845,1.0,0.5117876732,0.5117876732,0.5091715088000001,0.5904859732,3271243759.9443464,343361.6601386514
183,183,5001400,827228829,41535215,3,114,2103,C2,21,2146384.0,0.7808226422,0.7808226422,0.8576409067,0.0,0.38044690789999996,1.0,0.41152325149999996,0.41152325149999996,0.5547429639,0.6168037839,870350716.5016979,169552.8320667131
184,184,5001400,9935642339,215289310,3,114,1303,C2,13,3716600.5,0.7873719884999999,0.7873719884999999,0.7897380205,0.0,0.2841589214,1.0,0.5710894331,0.5710894331,0.6857965037999999,0.5330655883,10150925056.846058,670003.5362972617
185,185,5001400,31014152686,539985246,1,114,2701,C2,27,2506800.5,0.829620103,0.829620103,0.8324437778,0.0,0.3265825264,1.0,0.22546574960000001,0.22546574960000001,0.46348470810000003,0.5714739945,31556729717.479103,1101931.1366961221
186,186,5001400,66914092826,282504947,19,114,4819,C2,48,1999413.5,0.705842382,0.705842382,0.7064000306999999,0.0,0.2811136518,1.0,0.38893499439999996,0.38893499439999996,0.428746474,0.53020152,67193955769.37508,1733121.7326316219
187,187,5001400,57855934634,1048904358,4,114,504,C2,5,2000231.5,0.7976540437999999,0.7976540437999999,0.8103510070000001,0.0,0.2847957697,1.0,0.40705806969999997,0.40705806969999997,0.4895777328,0.5336625990999999,58906939265.88629,1612209.195628716
188,188,5001400,44742395292,2227325925,4,114,4104,C2,41,2044465.0,0.8594304368000001,0.8593879597,0.8787584817,0.0,0.4031207205,4.0,0.449527634,0.4495289321,0.5595724623,0.6349178849,45161535244.46914,1186510.8658781694
189,189,5001400,886374748,24940809,7,114,807,C2,8,0.0,0.6295534794,0.6295534794,0.629553655,0.0,0.1529961417,1.0,0.3228241019,0.3228241019,0.31318548879999997,0.3911472123,910968103.6418723,273537.12509002
190,190,5001400,590662417,11211751,3,114,3903,C2,39,0.0,0.6501672806000001,0.6501672806000001,0.6501606924000001,0.0,0.059703129800000004,1.0,0.5496065199,0.5496065199,0.5351587479,0.244342239,601828778.9737027,355912.1864819806
191,191,5001400,5579807939,136790956,31,114,4831,C2,48,0.0,0.8174193573,0.8174193573,0.8174206253,0.0,0.4575694775,1.0,0.6508164216,0.6508164216,0.6007923561,0.6764388202,5716266696.722886,396216.5846489468
192,192,5001400,6283742249,702360339,20,114,1220,C2,12,8322865.5,0.739981641,0.739981641,0.7399818382,0.0,0.2202865054,1.0,0.4763457654,0.4763457654,0.4867388243,0.4693468924,6984535487.859131,631218.5445339335
193,193,5001400,484457250,10436501,29,114,4829,C2,48,0.0,0.6004061933,0.6004061933,0.6004053856,0.0,0.0892283862,1.0,0.3216722331,0.3216722331,0.321674043,0.2987112088,494918414.4453714,264009.90400579607
194,194,5001400,21214043423,3364150775,34,114,4834,C2,48,4573539.5,0.5031798756,0.5236222196,0.6188746871,0.0,0.0592397067,10.0,0.1473376102,0.1610556974,0.245157173,0.24339208420000003,21978757803.263027,2159235.7093453417
195,195,5001400,142550296795,354326243,1,114,401,C2,4,2000001.5,0.7414707459000001,0.7414707459000001,0.7428882461,0.0,0.2090101647,1.0,0.47937029859999997,0.47937029859999997,0.5996008379,0.457176295,142904934898.4627,2931195.879374171
196,196,5001400,2424227185,44673127,42,114,642,C2,6,0.0,0.6289620361,0.6289620361,0.6289630668,0.0,0.1158078666,1.0,0.348939451,0.348939451,0.3476703963,0.34030554890000003,2469063637.520805,517609.26717242994
197,197,5001400,8867867645,4923406204,98,114,7298,C3,72,0.0,0.879184029,0.6356906755,1.0,0.0,0.2037135619,14.0,0.32082414940000004,0.1273382128,1.0,0.451346388,9029726452.154495,746332.3346653854
198,198,5001400,1792058621,48806003,4,114,3404,C2,34,13560656.0,0.7101508921999999,0.7101508921999999,0.7119771636,0.0,0.2377354383,1.0,0.46748678409999994,0.46748678409999994,0.486159835,0.48758121200000004,1836103593.2619193,311534.79508464463
199,199,5001400,760241568,2272683,5,114,405,C2,4,0.0,0.8811842094,0.8811842094,0.8812046314,0.0,0.5221482699000001,1.0,0.5489216557,0.5489216557,0.5469775232,0.722598277,762433766.4158306,135459.3762043326
200,200,5001400,37434105215,1114287011,5,114,2205,C2,22,2729910.5,0.5706300375,0.5706300375,0.779055623,0.0,0.1043873325,1.0,0.366894583,0.366894583,0.6183022579999999,0.3230902854,38547782046.50218,2154173.750131352
201,201,5001400,7464777770,404568113,6,114,2706,C2,27,2689882.5,0.6228898654999999,0.6228898654999999,0.6237242363000001,0.0,0.228136817,1.0,0.41136553130000003,0.41136553130000003,0.40395012799999996,0.47763669979999995,7869390851.444326,658381.7760293882
202,202,5001400,1683486679,3359897981,1,114,3601,C2,36,2806670.0,0.67156225,0.5635279325,0.9175969023,0.0,0.1477719868,4.0,0.18395638120000002,0.1760999197,0.8996955389,0.3844112209,2169189982.271291,429494.5634070858
203,203,5001400,15500289213,241901116,4,114,4704,C2,47,3174230.0,0.6849387557,0.6849387557,0.6852556521,0.0,0.1441164925,1.0,0.3415145842,0.3415145842,0.4133152575,0.3796267805,15741589678.836075,1171581.1731768444
204,204,5001400,475344959,104685434,9,114,5309,C2,53,6620246.0,0.6499080299000001,0.6499080299000001,0.7258560937,0.0,0.1550277911,1.0,0.2482452011,0.2482452011,0.30210813,0.3937356868,527563678.8805094,206793.83941934962
205,205,5001400,437439791,309741,35,114,635,C2,6,0.0,0.6075384406000001,0.6075384406000001,0.6075369005,0.0,0.22703584359999998,1.0,0.2843913793,0.2843913793,0.2843931529,0.4764827842,437687475.7074983,155646.6501065
206,206,5001400,1286295892,22908651,4,114,1304,C2,13,0.0,0.8038174658,0.8038174658,0.8038110262,0.0,0.2797301865,1.0,0.5353468961,0.5353468961,0.5353499475,0.528895251,1309183722.7737834,242513.3009774698
207,207,5001400,517193676,1485839,20,114,4820,C2,48,0.0,0.6894733923,0.6894733923,0.6894720031999999,0.0,0.18496163129999998,1.0,0.48383617310000004,0.48383617310000004,0.4796407328,0.43007165840000006,518779469.39201075,187739.43163257878
208,208,5001400,1245609118,97780944,3,114,4803,C2,48,0.0,0.8713614862000001,0.8713614862000001,0.8713660958,0.0,0.3979860389,1.0,0.5049377331,0.5049377331,0.5049419826,0.6308613468,1343474807.008517,205961.3722364865
209,209,5001400,691527661,296833864,52,114,652,C2,6,3379002.0,0.5878266901,0.5878266901,0.6264584797,0.0,0.1044479973,1.0,0.25983982850000004,0.25983982850000004,0.2961865734,0.3231841539,741264966.4809287,298635.6224846781
210,210,5001400,13496387535,412947645,9,114,1309,C2,13,2472720.0,0.8437628223,0.8437628223,0.9348732801,0.0,0.3125516981,1.0,0.3653695303,0.3653695303,0.5456030603,0.5590632327,13909888210.686209,747835.0575375457
211,211,5001400,18590760488,399959933,2,114,2102,C2,21,4765338.0,0.6373991453,0.6373991453,0.6762949159,0.0,0.1190805006,1.0,0.33637596420000004,0.33637596420000004,0.43904798159999997,0.34508042619999996,18990454604.267704,1415638.2443854618
212,212,5001400,162473270,97425176,7,114,2507,C2,25,10193919.5,0.5060255953,0.4214407483,0.49091250810000003,0.0,0.0769505487,7.0,0.2094431726,0.2140690896,0.2527354375,0.2773996191,177245277.92853755,170132.1571149153
213,213,5001400,2316332541,70035044,13,114,3913,C2,39,2701749.0,0.5823597402,0.5823597402,0.5824336414,0.0,0.08601782,1.0,0.2945146386,0.2945146386,0.2981199714,0.2932879473,2386572428.127629,590470.2559498133
214,214,5001400,4710544130,59087113,10,114,610,C2,6,0.0,0.7643913116,0.7643913116,0.7643951853000001,0.0,0.3345182509,1.0,0.4852505423,0.4852505423,0.46425296759999995,0.5783755276,4769225086.369993,423271.40835456905
215,215,5001400,676243090,8800785,21,114,1221,C2,12,0.0,0.6047472459000001,0.6047472459000001,0.6047444364,0.0,0.2660577815,1.0,0.2886326893,0.2886326893,0.3130795838,0.5158078921,685064810.8469105,179879.9587431164
216,216,5001400,8693348304,193080454,11,114,4211,C2,42,0.0,0.5655936362,0.5655936362,0.5655936909,0.0,0.1391664473,1.0,0.1962969836,0.1962969836,0.1963713189,0.37305019409999995,8886613278.494131,895789.1592359741
217,217,5001400,747448594,489617624,33,114,633,C2,6,3353121.0,0.4185644189,0.4185644189,0.6835951441,0.0,0.1281183416,1.0,0.197219295,0.197219295,0.4832708992,0.35793622560000005,751874355.5929508,271563.8231106107
218,218,5001400,9384315442,51592866,14,114,1314,C2,13,2018399.0,0.7786570012999999,0.7786570012999999,0.7809196039,0.0,0.3124625003,1.0,0.45221549549999995,0.45221549549999995,0.6192410705,0.5589834525999999,9435669845.71052,616016.505029078
219,219,5001400,10949926008,526908508,7,114,2607,C2,26,2256665.0,0.7020231981999999,0.7020231981999999,0.7139747825,0.0,0.28765372300000003,1.0,0.452418582,0.452418582,0.5072168674,0.5363335929999999,11176691144.759277,698757.6206119285
220,220,5001400,36379646,23229782,10,114,3610,C2,36,9970057.0,0.6113141734,0.37331754450000004,0.43406775200000003,0.0,0.0767111847,4.0,0.1981928415,0.09413188609999999,0.1422290607,0.2769678405,47269586.66590323,87996.72100361901
221,221,5001400,7788193458,770381732,1,114,4101,C2,41,2132502.0,0.7149895209,0.706543192,0.7545331142,0.0,0.2554340164,5.0,0.45872561520000005,0.4252567211,0.6682715393,0.5054048045,7962826003.653057,625891.6805750977
222,222,5001400,2707773493,56103916,4,114,3704,C2,37,0.0,0.3744901896,0.3744901896,0.3744920457,0.0,0.0496700871,1.0,0.1710180972,0.1710180972,0.17101921280000001,0.2228678692,2763948315.488584,836223.619049489
223,223,5001400,101086657,211580326,12,114,612,C2,6,5399002.0,0.8493899147,0.5680861000999999,0.9091978306999999,0.0,0.3084951297,4.0,0.5636088937,0.4244146668,0.7581108067,0.5554233788,105569855.0047693,65576.8782556159
224,224,5001400,565007001,6412076,31,114,631,C2,6,0.0,0.5881919421,0.5881919421,0.5881897547,0.0,0.09082393,1.0,0.2032398838,0.2032398838,0.2032411098,0.3013700882,571613313.1369481,281226.3138545539
225,225,5001400,17430392398,35944103,21,114,621,C2,6,0.0,0.7155060756,0.7155060756,0.7155063529000001,0.0,0.1956112171,1.0,0.302726848,0.302726848,0.3048865393,0.44227956890000003,17465803220.354446,1059259.4222116806
226,226,5001400,16092700286,11321053767,2,114,1502,C2,15,4852077.0,0.8360120837,0.0439709896,0.9658793931999999,0.0,0.0810190607,28.0,0.48681251770000006,0.0030263848,0.9658794843,0.2846384736,16178431470.951862,1584088.849786534
227,227,5001400,1962575051,76203449,3,114,2503,C2,25,2499523.5,0.6760847833,0.6760847833,0.8081788941,0.0,0.2328166527,1.0,0.3195045184,0.3195045184,0.6057437634,0.4825107799,2038832030.140125,331732.9688449306
228,228,5001400,3149242726,5148998637,9,114,2509,C2,25,4498920.0,0.4871876842,0.3853500775,0.8617828176000001,0.0,0.0492413589,12.0,0.3332039101,0.26673917010000003,0.789215819,0.2219039407,3489081189.1997414,943616.3447358144
229,229,5001400,845478509,447479738,8,114,2508,C2,25,5569486.0,0.5436833849,0.5292030335,0.5803276775999999,0.0,0.09003626029999999,7.0,0.4114846877,0.4127384079,0.4579898188,0.30006042780000003,894129208.5736672,353261.5328671915
230,230,5001400,202032462,30932445,1,114,4201,C2,42,2161140.5,0.5314823222,0.5314823222,0.6112627928000001,0.0,0.0818891217,1.0,0.1497984707,0.1497984707,0.2589087035,0.2861627539,232942045.29416624,189067.0149767139
231,231,5001400,4489061946,59182222,17,114,4217,C2,42,3197311.5,0.46199450950000004,0.46199450950000004,0.47041818,0.0,0.0845495937,1.0,0.2473720663,0.2473720663,0.2519538506,0.2907741284,4548095562.286112,822174.4189408545
232,232,5001400,9973638772,2115958030,3,114,4203,C2,42,2004890.0,0.6875364573999999,0.6875364573999999,0.6919585285,0.0,0.23988505649999997,1.0,0.35236490229999995,0.35236490229999995,0.41917498560000005,0.48978062079999996,10151186522.261446,729225.3179942042
233,233,5001400,2583911637,105135750,16,114,4216,C2,42,2138582.0,0.6171978692,0.6171978692,0.6172353462,0.0,0.1331527597,1.0,0.36645228490000004,0.36645228490000004,0.4094236266,0.36490102729999996,2688917022.718045,503754.04476807365
234,234,5001400,13868489363,959318434,7,114,4507,C2,45,3882612.5,0.7876844948999999,0.7876844948999999,0.8344027338,0.0,0.3138141522,1.0,0.35762994340000004,0.35762994340000004,0.45843817729999997,0.5601911747,14123521562.945675,752038.6619779158
235,235,5001400,2453495533,548366464,3,114,5103,C2,51,37710282.5,0.6733757152,0.5034933749,0.5567622416,0.0,0.0784364804,7.0,0.3574991535,0.1690438141,0.2033928053,0.280065136,2598561955.0554013,645226.8343496919
236,236,5001400,2570965335,4674373082,2,114,5102,C2,51,9040405.0,0.7380264749,0.31440835510000004,0.7790282987999999,0.0,0.0703243515,12.0,0.21592223929999999,0.1294982948,0.49866180649999997,0.2651873893,3392135457.978688,778553.8514256689
237,237,5001400,23605486524,1212123418,3,114,5303,C2,53,2041828.0,0.7061869733,0.7061869733,0.8012636286,0.0,0.23894154329999998,1.0,0.2598436314,0.2598436314,0.3851205193,0.48881647200000006,24068154992.822487,1125072.4746175979
238,238,5001400,40075236172,598819872,5,114,5305,C2,53,2005305.5,0.8433210565000001,0.8433210565000001,0.8699161459999999,0.0,0.40657659770000004,1.0,0.3942027457,0.3942027457,0.5745985295,0.637633592,40672318132.70403,1121200.3025970566
239,239,5001400,2629115311,2689486228,2,114,5302,C2,53,4512808.0,0.5721456155,0.4750686018,0.838926962,0.0,0.0208601247,38.0,0.1862277212,0.2243105747,0.3814875651,0.1444303456,2756978217.7512603,1288733.592432107
240,240,5001400,19062432118,368571687,8,114,5308,C2,53,0.0,0.6624313677,0.6624313677,0.6624312588,0.0,0.19452811890000002,1.0,0.453322093,0.453322093,0.42354395780000004,0.4410534196,19431142295.807297,1120373.6973467332
241,241,5001400,64823251194,75783538262,1,114,2601,C2,26,2145134.5,0.6048966976,0.4371641449,0.9247576955,0.0,0.045737249199999996,103.0,0.24753290039999998,0.2383866303,0.7391195443999999,0.2138626878,67298852593.251816,4300052.333574
242,242,5001400,6810499317,177748440,3,114,2603,C2,26,0.0,0.7433725641,0.7433725641,0.7433720776,0.0,0.24924821649999998,1.0,0.33673028039999997,0.33673028039999997,0.3376029872,0.49924765039999996,6988334719.3285885,593575.2053437022
243,243,5001400,21906541533,520883669,4,114,2604,C2,26,0.0,0.8073815471,0.8073815471,0.8203648591,0.0,0.3899771106,1.0,0.47173700020000003,0.47173700020000003,0.4900446125,0.6244814734,22427568692.692917,850112.6352632476
244,244,5001400,1044089809,71946879,12,114,2612,C2,26,2727586.0,0.6710382414,0.6687162537,0.67538603,0.0,0.22151986059999998,2.0,0.3338003736,0.3338076628,0.337729899,0.47065896420000003,1094600242.60633,249187.56559773217
245,245,5001400,990927520,149926159,17,114,3617,C2,36,5466647.0,0.906248747,0.906248747,0.9286156277,0.0,0.48211581670000003,1.0,0.5537677458,0.5537677458,0.6638323121999999,0.6943456031999999,1140958126.5391042,172450.3559888041
246,246,5001400,6186436469,3271882478,24,114,3624,C2,36,2396961.5,0.7551589217,0.7551589217,0.8082240334,0.0,0.4169020026,1.0,0.4709906386,0.4709906386,0.5491100649,0.6456794891,6409255937.135873,439533.2643744853
247,247,5001400,37598152,6263939,15,114,3615,C2,36,0.0,0.8781264218000001,0.8781264218000001,0.8781185086,0.0,0.5491219558,1.0,0.7178200681,0.7178200681,0.7005203091,0.741027635,43870968.41156829,31685.395928589503
248,248,5001400,9516332615,147995262,6,114,3706,C2,37,2292345.0,0.7410727709,0.7410727709,0.7567309034,0.0,0.12667403230000002,1.0,0.2452855356,0.2452855356,0.46397583439999995,0.3559129561,9663412178.82821,979098.502602059
249,249,5001400,58937778712,264745073,4,114,1904,C2,19,2183746.0,0.879100915,0.879100915,0.9005467863,0.0,0.46079303229999996,1.0,0.527356865,0.527356865,0.6842112264,0.6788173777,59200527949.622894,1270617.317688573
250,250,5001400,102093841972,1316117424,1,114,1601,C2,16,2128872.5,0.7356072158,0.7356072158,0.861181309,0.0,0.19193140039999998,1.0,0.20932618320000002,0.20932618320000002,0.5566741834000001,0.43809976079999996,103410660920.95605,2602043.620814057
251,251,5001400,22576437686,354972977,8,114,1308,C2,13,2001493.5,0.666943451,0.666943451,0.6670157843,0.0,0.1616199545,1.0,0.3252583397,0.3252583397,0.3325965426,0.4020198434,22930925557.20573,1335267.3637244944
252,252,5001400,470635209,374797482,2,114,3602,C2,36,2055718.5,0.8261080341,0.8261080341,0.8445855046999999,0.0,0.4211373653,1.0,0.418094643,0.418094643,0.5208849137,0.6489509729,621051731.4217132,136130.9679589642
253,253,5001400,39147329059,3339511976,21,114,3621,C2,36,2020958.0,0.9141975389,0.9099017237,0.9537880419,0.0,0.3591718457,9.0,0.6598528087,0.6607433573,0.7619359837999999,0.5993094741,41163825340.88784,1200084.0182200102
254,254,5001400,530617544,1645136,7,114,407,C2,4,0.0,0.8357239584,0.8357239584,0.8357337445999999,0.0,0.4252745277,1.0,0.5495604317,0.5495604317,0.5495650873,0.6521307597,532204147.8885142,125403.4180743401
255,255,5001400,1203433223,4312230708,9,114,3909,C2,39,6100368.0,0.4290854056,0.2804535705,0.5542791453,0.0,0.0386064174,13.0,0.09294804820000001,0.056562685099999996,0.1116683091,0.1964851583,1271702771.2091584,643380.6420146733
256,256,5001400,9542309067,2192254635,1,114,5101,C2,51,5032285.0,0.6902573793000001,0.6902677639,0.8226331386,0.0,0.0786074255,2.0,0.25848171010000004,0.2584853739,0.3964917885,0.280370158,10078283862.967188,1269306.3094555857
257,257,5001400,20771304990,121228518,2,114,5402,C2,54,4929672.0,0.5051465426,0.5051465426,0.5840478186,0.0,0.09795253029999999,1.0,0.1731195997,0.1731195997,0.3832047047,0.3129736895,20892447165.143547,1637162.388258449
258,258,5001400,529385490,3117073,39,114,639,C2,6,0.0,0.7546810815,0.7546810815,0.7546946765000001,0.0,0.21944927329999997,1.0,0.5225277257000001,0.5225277257000001,0.4907428656,0.4684541315,532450548.9643308,174613.3715369399
259,259,5001400,855913031,5327953,45,114,645,C2,6,0.0,0.8568002475,0.8568002475,0.8567987781,0.0,0.3345725006,1.0,0.5761639217,0.5761639217,0.5632570819,0.578422424,861264838.3430873,179857.341398765
260,260,5001400,491987823,7057884,1,114,801,C2,8,0.0,0.5312522856,0.5312522856,0.5312462072,0.0,0.1020675642,1.0,0.1783399456,0.1783399456,0.17834119489999997,0.3194801468,499047001.1319048,247874.4604149249
261,261,5001400,274835160,36847686,24,114,1224,C2,12,8097147.0,0.7310347836,0.7310347836,0.7310352701999999,0.0,0.2877795112,1.0,0.3776087971,0.3776087971,0.4120527886,0.5364508469,311661358.0609808,116658.5236865362
262,262,5001400,1365133848,144420539,3,114,2703,C2,27,0.0,0.7610496721,0.7610496721,0.7610437994,0.0,0.2848205998,1.0,0.5307772343,0.5307772343,0.5306361166,0.5336858625,1509588569.02615,258076.5431962698
263,263,5001400,5371380475,59056719,5,114,4005,C2,40,0.0,0.6746467716,0.6746467716,0.6746488523,0.0,0.26804042640000003,1.0,0.3452372347,0.3452372347,0.3452395498,0.5177262079,5430262932.300558,504562.7804478049
264,264,5001400,72085445748,573570932,11,114,4811,C2,48,1997971.5,0.6159040020000001,0.6159040020000001,0.6159040661,0.0,0.2018310396,1.0,0.3517773931,0.3517773931,0.3426613665,0.4492560958,72657728589.55617,2126923.4615567643
265,265,5001400,429172558,5210296,9,114,4809,C2,48,0.0,0.6072055622,0.6072055622,0.6072008807,0.0,0.1596244029,1.0,0.2982790002,0.2982790002,0.29817651,0.3995302277,434505207.21678007,184949.33833921212
266,266,5001400,484486531,31838376,32,114,4832,C2,48,0.0,0.6168037586,0.6168037586,0.6168000936,0.0,0.13052621820000002,1.0,0.3833862701,0.3833862701,0.383388933,0.361284124,516364592.0238145,222963.7609862037
267,267,5001400,22309020193,3787038975,2,114,1202,C2,12,4810161.5,0.7412962984,0.7278214058,0.9727764055,0.0,0.2192560191,5.0,0.40016045409999995,0.41194399119999997,0.9315204881999999,0.46824781810000005,23241113371.03173,1154137.7178937935
268,268,5001400,18924328909,1443486198,3,114,1203,C2,12,5631098.5,0.7940514043000001,0.7841403853,0.8112729225,0.0,0.3287961096,6.0,0.5475715721,0.5479783224,0.6825948789,0.5734074552,19334736701.026188,859628.3464129927
269,269,5001400,4421754194,521023417,9,114,1209,C2,12,0.0,0.8006362026,0.8006362026,0.8006378648,0.0,0.3320683289,1.0,0.4920442574,0.4920442574,0.48371516840000006,0.5762537019,4943285790.269714,432512.89825828007
270,270,5001400,8409234752,128676543,2,114,3702,C2,37,0.0,0.7231885318000001,0.7231885318000001,0.7231879912000001,0.0,0.1124827794,1.0,0.4261406987,0.4261406987,0.4279907886,0.33538452469999996,8537975831.711013,976650.941494518
271,271,5001400,20228655381,10851829652,3,114,3703,C2,37,19750040.0,0.6326818308,0.5121487442,0.6975828422,0.0,0.0201978875,18.0,0.24510780559999998,0.2580329175,0.42910377409999995,0.1421192721,21294673076.681747,3639883.1856380966
272,272,5001400,20379600524,951809925,1,114,4801,C2,48,2187249.5,0.7685071993000001,0.7685071993000001,0.8112491887000001,0.0,0.22258684739999998,1.0,0.4255588295,0.4255588295,0.5502714618,0.4717911057,21332821627.799202,1097436.3316875743
273,273,5001400,23622537439,4536906806,27,114,4827,C2,48,4555728.5,0.5755474407,0.5715111189000001,0.628613309,0.0,0.0756497843,15.0,0.3631449471,0.36938567170000003,0.39526661770000004,0.2750450587,25362462981.903584,2052564.4273652702
274,274,5001400,548947579,16596620,33,114,4833,C2,48,0.0,0.42961391039999997,0.42961391039999997,0.42960625280000003,0.0,0.0476615879,1.0,0.22800077989999998,0.22800077989999998,0.22800236210000002,0.2183153404,565488724.6582407,386129.20731590776
275,275,5001400,799720228,54789647,2,114,4802,C2,48,0.0,0.42039275049999997,0.42039275049999997,0.42039126,0.0,0.0763867983,1.0,0.23678165690000003,0.23678165690000003,0.236783324,0.27638161710000003,854394893.8692766,374908.3391148812
276,276,5001400,26237677155,1010363159,4,114,4804,C2,48,2204230.5,0.7816251097,0.7816251097,0.8515001517,0.0,0.1858391257,1.0,0.37844608399999996,0.37844608399999996,0.5484730996,0.4310906235,27249986359.293236,1357436.4285707595
277,277,5001400,2349631043,191542824,26,114,4826,C2,48,0.0,0.9106376643999999,0.9106376643999999,0.9106471941,0.0,0.467765035,1.0,0.5640081899,0.5640081899,0.5451094799,0.6839335019,2541028823.730079,261273.7928982216
278,278,5001400,85986138620,503963005,4,114,404,C2,4,2084809.5,0.6229097847,0.6229097847,0.6681895784,0.0,0.12460032189999999,1.0,0.41051314479999995,0.41051314479999995,0.5210260468,0.3529877078,86494070645.26337,2953510.493961284
279,279,5001400,1618585153,10779717,6,114,406,C2,4,0.0,0.8228167223999999,0.8228167223999999,0.8228109318000001,0.0,0.3229507078,1.0,0.6965019007,0.6965019007,0.6724716487000001,0.5682875221,1629323620.1694655,251791.16565506
280,280,5001400,185805163025,418245836,2,114,3502,C2,35,1999670.0,0.8500725678000001,0.8500725678000001,0.9055694388,0.0,0.4047710856,1.0,0.5520311537,0.5520311537,0.7674420115,0.6362162255,186222257814.8964,2404451.2994730026
281,281,5001400,16452896591,68061594,4,114,1804,C2,18,2008584.0,0.817517783,0.817517783,0.8182568347,0.0,0.42396806200000003,1.0,0.46495513969999996,0.46495513969999996,0.5655384352,0.6511282992,16521449481.206556,699781.4637426403
282,282,5001400,787140388,4748773,7,114,1807,C2,18,0.0,0.9349933681,0.9349933681,0.9350038783,0.0,0.5178335406,1.0,0.6180231668,0.6180231668,0.6180266541,0.7196065179000001,791828149.9721459,138619.8141435945
283,283,5001400,13438318567,1207536256,5,114,4105,C2,41,2188199.0,0.6045956887,0.6045956887,0.6173722549,0.0,0.14015386130000002,1.0,0.3733723768,0.3733723768,0.40245469990000005,0.37437128810000003,13587138863.307009,1103739.0431493013
284,284,5001400,27236501013,382224178,18,114,1718,C2,17,2953111.5,0.739802773,0.739802773,0.7447927098,0.0,0.2311050518,1.0,0.49874106890000003,0.49874106890000003,0.5171393227000001,0.4807338679,27618764774.087997,1225469.0241486435
285,285,5001400,11334285918,290203822,4,114,2104,C2,21,2291078.5,0.5460189411,0.5460189411,0.6849535558,0.0,0.1350258632,1.0,0.21334815440000002,0.21334815440000002,0.3103299185,0.367458655,11626367134.521664,1040203.8750946595
286,286,5001400,17742770435,382978546,8,114,4708,C2,47,7066984.5,0.8182351454000001,0.8029675542,0.8540572677,0.0,0.27036275719999997,2.0,0.441340085,0.4429680982,0.6215052012,0.5199641884,18123879831.41641,917819.0880918362
287,287,5001400,776447458,31669301,10,114,1710,C2,17,2259177.0,0.6298889936,0.6298889936,0.6905199471,0.0,0.1931582001,1.0,0.379877943,0.379877943,0.4644751497,0.43949766799999995,807776663.9361955,229241.90475252672
288,288,5001400,20506303303,180730724,16,114,1716,C2,17,4001509.5,0.6715131156999999,0.6715131156999999,0.6716953841,0.0,0.2354493867,1.0,0.3526203229,0.3526203229,0.45857881759999997,0.4852312714,20686976662.76179,1050762.7355647068
289,289,5001400,38062213848,353578884,15,114,1715,C2,17,2125078.0,0.7036367768,0.7036367768,0.7425995711,0.0,0.2108395082,1.0,0.316134831,0.316134831,0.5631408595,0.4591726344,38417151334.18894,1513183.2106149115
290,290,5001400,13983476340,375017958,3,114,503,C2,5,2001199.5,0.5245429486,0.5245429486,0.532939881,0.0,0.140809243,1.0,0.3308109532,0.3308109532,0.4231093361,0.37524557700000005,14358186797.956833,1131981.031985795
291,291,5001400,1421426289,13615373,7,114,607,C2,6,0.0,0.8924334872,0.8924334872,0.8924463145,0.0,0.4594562425,1.0,0.6208045284,0.6208045284,0.6131879111,0.6778320165,1435049319.4195251,198114.50206945802
292,292,5001400,25636042190,100586550,23,114,623,C2,6,0.0,0.7197244772,0.7197244772,0.7197276595000001,0.0,0.1993856367,1.0,0.5336329472,0.5336329472,0.517140577,0.4465261882,25735156495.064907,1273565.8466429107
293,293,5001400,123458364,784655,34,114,634,C2,6,0.0,0.7281790595000001,0.7281790595000001,0.7281651323,0.0,0.2893437205,1.0,0.5133164382000001,0.5133164382000001,0.4967508375,0.5379067953,124280037.9617245,73468.06303004161
294,294,5001400,186580212,555896,43,114,643,C2,6,4527284.5,0.7253325970000001,0.7253325970000001,0.7253316934999999,0.0,0.3051166161,1.0,0.3698906946,0.3698906946,0.4674706298,0.5523736201,187114513.64797372,87786.0968748227
295,295,5001400,205536404,66883685,44,114,644,C2,6,2009398.0,0.660342705,0.660342705,0.6625901001,0.0,0.2392199476,1.0,0.2974763244,0.2974763244,0.3188679266,0.48910116299999995,221744541.74975264,107927.6462345492
296,296,5001400,565796998,2415551,28,114,628,C2,6,0.0,0.7081954815000001,0.7081954815000001,0.7081940284999999,0.0,0.18208484149999998,1.0,0.4082401553,0.4082401553,0.4080809703,0.4267140043,568458755.9564645,198069.4592886089
297,297,5001400,672277732,827548174,14,114,614,C2,6,5185899.0,0.6898268602,0.3542903986,0.8341903137000001,0.0,0.2209847709,2.0,0.3733828237,0.12761534789999998,0.4231050496,0.4700901731,697381319.5729572,199140.18868876013
298,298,5001400,185673009,2402661,46,114,646,C2,6,0.0,0.7294115015000001,0.7294115015000001,0.7293778009999999,0.0,0.2880546068,1.0,0.5130010079999999,0.5130010079999999,0.4834545839,0.5367071890999999,188074975.78628367,90580.1481553278
299,299,5001400,192027437,3460343,2,114,4202,C2,42,0.0,0.8659188373000001,0.8659188373000001,0.8659064229000001,0.0,0.394195846,1.0,0.5711590473,0.5711590473,0.5338535832,0.627850178,195468623.14207745,78938.2396508224
300,300,5001400,144600357804,1316079286,2,114,3202,C2,32,2302602.0,0.8898858006999999,0.8898858006999999,0.8966273968999999,0.0,0.5832669152000001,1.0,0.5117021224,0.5117021224,0.6850884992,0.7637191337,145915320408.5018,1773052.9576011081
301,301,5001400,3285411614,522155120,2,114,2202,C2,22,2977237.5,0.3819837292,0.3819837292,0.3862147488,0.0,0.0593452996,1.0,0.1789514839,0.1789514839,0.18340259620000002,0.24360890710000002,3804138608.8578124,897511.3199250912
302,302,5001400,11914085488,17975697,1,114,3501,C2,35,0.0,0.7123623305,0.7123623305,0.7123563908,0.0,0.2693798526,1.0,0.3727379309,0.3727379309,0.37274052280000003,0.5190181621,11931898626.976456,746065.8375049273
303,303,5001400,161935704,4773294,7,114,1707,C2,17,4083073.5,0.5031144737,0.5031144737,0.5192156797,0.0,0.082406002,1.0,0.2537637715,0.2537637715,0.2637142179,0.2870644562,162400399.45771533,157368.9533041116
304,304,5001400,50035024220,1235265144,1,114,501,C2,5,1999669.0,0.7059772535,0.7059772535,0.7850092216,0.0,0.1333239668,1.0,0.3884191773,0.3884191773,0.5320448389,0.3651355459,51269294438.802185,2198262.1839431613
305,305,5001400,250595885,127431128,13,114,613,C2,6,2806056.5,0.7875114718999999,0.7875114718999999,0.8758742417000001,0.0,0.2156461761,1.0,0.4010722007,0.4010722007,0.5784619502,0.46437719159999996,265296068.96090665,124336.7349358204
306,306,5001400,16016009350,456718941,3,114,603,C2,6,0.0,0.6280757395000001,0.6280757395000001,0.6280753323,0.0,0.1586559425,1.0,0.4178767714,0.4178767714,0.4016544314,0.398316385,16470323611.683374,1142162.3141795269
307,307,5001400,33032795123,342924091,3,114,2803,C2,28,4107367.5,0.6346219147,0.6346219147,0.641460015,0.0,0.165970792,1.0,0.2608709982,0.2608709982,0.3730720745,0.4073951301,33375761811.471256,1589661.6326601638
308,308,5001400,479535989,21593862,11,114,5111,C2,51,3284611.5,0.523137069,0.523137069,0.5298720294,0.0,0.0965532328,1.0,0.21840823809999999,0.21840823809999999,0.2471009863,0.3107301607,488862863.21033263,252240.6320091696
309,309,5001400,10727947217,5439803225,10,114,2610,C2,26,2752997.5,0.8577776367000001,0.8577042059000001,0.9104812848,0.0,0.32845192170000004,4.0,0.4584277932,0.4585798338,0.7478122145999999,0.5731072515,10922927577.2266,646455.3820396019
310,310,5001400,20556949456,430653891,19,114,3619,C2,36,4274409.0,0.7640678534,0.7640678534,0.800253815,0.0,0.26663402059999997,1.0,0.575878346,0.575878346,0.6539894518,0.5163661691,20988067637.932396,994565.47415777
311,311,5001400,557538215,503814232,6,114,3406,C2,34,4844091.0,0.45055878520000003,0.45055878520000003,0.5580340359,0.0,0.09339496359999999,1.0,0.2240222355,0.2240222355,0.2805327657,0.3056058959,589153380.9592,281551.205143314
312,312,5001400,12274022119,99412530,15,114,3915,C2,39,0.0,0.6893524406999999,0.6893524406999999,0.6893533645000001,0.0,0.1486352292,1.0,0.35252580079999996,0.35252580079999996,0.3696613764,0.38553239710000003,12374051230.852188,1022821.8763819316
313,313,5001400,1477946338495,245391672906,1,114,200,C1,2,0.0,0.5464790437,0.3613628896,1.0,0.0,0.0107628105,580.0,0.2845302321,0.1289651737,1.0,0.1037439659,1522693307644.8516,42164631.14547549
314,314,5001400,18374795796,469246252,10,114,1310,C2,13,3809160.0,0.8079403401999999,0.8079403401999999,0.8096292720999999,0.0,0.283003096,1.0,0.5219779021000001,0.5219779021000001,0.5297815226,0.5319803531,18844077623.152035,914738.1264291395
315,315,5001400,33546458437,4122538872,2,114,602,C2,6,2402474.0,0.5995465100999999,0.5961419441,0.6645585998,0.0,0.1578884734,3.0,0.1795889118,0.1795940692,0.3026950437,0.3973518257,33871023898.487747,1641889.334801889
316,316,5001400,686233909,5100404,5,114,1305,C2,13,0.0,0.8564259075,0.8564259075,0.8564300268,0.0,0.3766577921,1.0,0.6120268881,0.6120268881,0.5142187749,0.6137245246,691343567.6645448,151872.2465015293
317,317,5001400,13135231447,185876901,10,114,4810,C2,48,0.0,0.7250783188,0.7250783188,0.7250815076999999,0.0,0.1618675306,1.0,0.3052142111,0.3052142111,0.30521772280000004,0.4023276408,13320674765.66694,1016923.2430046864
318,318,5001400,287194430,168289425,4,114,3604,C2,36,2426909.5,0.840198825,0.840198825,0.8549470837,0.0,0.44342159340000004,1.0,0.6038342384000001,0.6038342384000001,0.6487294838000001,0.6658990865,336626091.433753,97672.07183534981
319,319,5001400,15962355528,1123713110,7,114,3707,C2,37,2152184.0,0.6278755841,0.6278755841,0.6452371475,0.0,0.1302790533,1.0,0.4179472661,0.4179472661,0.4732258224,0.36094189740000004,16261000951.549492,1252394.8486894509
320,320,5001400,262667699,3822532,38,114,638,C2,6,0.0,0.7188079381,0.7188079381,0.7187989593,0.0,0.2002931841,1.0,0.4640588336,0.4640588336,0.4598268732,0.4475412653,266469655.74844128,129299.1670331856
321,321,5001400,12739210946,7318114833,6,114,5506,C2,55,3151980.0,0.6896346221999999,0.6896346221999999,0.7062498712999999,0.0,0.22219065170000002,1.0,0.39261697590000005,0.39261697590000005,0.43435965130000004,0.47137103399999997,13496050183.980703,873665.8955310936
322,322,5001400,12410188755,870584665,51,114,651,C2,6,4814298.5,0.7453384034,0.7453388402,0.7717480109,0.0,0.2574612616,2.0,0.263549714,0.2635503792,0.42034107600000004,0.5074064068,13226356769.585232,803468.9573322366
323,323,5001400,22996552423,249252681,1,114,3101,C2,31,7930824.0,0.8307306428,0.8307306428,0.8591631041,0.0,0.3296139417,1.0,0.478318065,0.478318065,0.5913023372999999,0.5741201457,23246377544.35085,941412.1282731692
324,324,5001400,477488962,24431172,17,114,617,C2,6,2584918.5,0.770598585,0.770598585,0.7954621851000001,0.0,0.2528798503,1.0,0.5108645247,0.5108645247,0.5232490596,0.5028716042,493375028.3946576,156580.0406054151
325,325,5001400,17710962233,191335184,11,114,3711,C2,37,2120784.5,0.819000134,0.819000134,0.8900076387,0.0,0.23182693079999997,1.0,0.2674897323,0.2674897323,0.7385092626,0.48148409200000003,17900921631.370758,985055.4651798605
326,326,5001400,3917848951,979157081,18,114,1218,C2,12,2244493.5,0.8104956774,0.8104956774,0.8162745728,0.0,0.4537589079,1.0,0.462043088,0.462043088,0.6174229556,0.6736162913,4387512868.788101,348579.2664911157
327,327,5001400,40633375850,8411271,3,114,403,C2,4,2295347.0,0.7476825131999999,0.7476825131999999,0.7501230906999999,0.0,0.26188689670000004,1.0,0.2754900084,0.2754900084,0.5058198107,0.511748861,40639908468.711006,1396446.8407897216
328,328,5001400,11125102078,119861708,6,114,2106,C2,21,0.0,0.7596234276999999,0.7596234276999999,0.7596233174,0.0,0.17535453620000002,1.0,0.48728287049999996,0.48728287049999996,0.4846406817,0.4187535507,11245385326.079714,897704.9090647621
329,329,5001400,14227676034,414257294,1,114,3701,C2,37,19445228.5,0.49891761729999995,0.4938868379,0.5026641814,0.0,0.0399449242,2.0,0.35776175619999995,0.2953779034,0.41004574229999996,0.1998622631,14462628114.074947,2133033.816966315
330,330,5001400,686614096,58509767,5,114,2505,C2,25,4513825.5,0.6166929511,0.6166929511,0.6236155627000001,0.0,0.17023106059999998,1.0,0.3177580077,0.3177580077,0.32591843649999996,0.4125906695,722008266.3594614,230864.21180755962
331,331,5001400,72280157559,12449248665,8,114,2708,C2,27,2592302.5,0.7548342889,0.7548667134,0.9366987789,0.0,0.31062877780000003,5.0,0.45441892170000003,0.454439876,0.8621559064000001,0.5573408094,78122303172.54903,1777753.7660327174
332,332,5001400,50651765020,3222708814,1,114,4901,C2,49,2138128.0,0.6754084954,0.6754084954,0.7680168195,0.0,0.2946444421,1.0,0.2714399457,0.2714399457,0.41271838619999995,0.5428116083,53870387079.20269,1515761.435516717
333,333,5001400,5906372694,87134848,13,114,3713,C2,37,0.0,0.5393948805,0.5393948805,0.5393918488,0.0,0.0623809083,1.0,0.3779594511,0.3779594511,0.3769656693,0.2497617029,5993706477.917258,1098820.6706695769
334,334,5001400,447767785,483588289,22,114,1222,C2,12,2869885.0,0.4500215672,0.4500215672,0.45798113869999996,0.0,0.0746689576,1.0,0.09978811289999999,0.09978811289999999,0.1564106626,0.2732562124,479568667.49934435,284092.8398724686
335,335,5001400,15335041906,91792231,21,114,4821,C2,48,0.0,0.7735079670999999,0.7735079670999999,0.7735059462999999,0.0,0.1960927603,1.0,0.35801445439999996,0.35801445439999996,0.3580168936,0.4428236222,15426969602.001337,994293.1876856759
336,336,5001400,238367009,1621911,29,114,629,C2,6,0.0,0.689268643,0.689268643,0.6892606725,0.0,0.22043828699999998,1.0,0.4006172746,0.4006172746,0.40062047380000004,0.46950855909999994,239948787.17157945,116955.5128819223
337,337,5001400,15313284807,201938200,36,114,636,C2,6,2912230.5,0.9394695485,0.9394695485,0.9496832970999999,0.0,0.3747092386,1.0,0.3234137864,0.3234137864,0.3241537693,0.6121349839,15515168698.157532,721333.3016107052
338,338,5001400,1730872501,86459561,4,114,2504,C2,25,2513793.5,0.6484678517,0.6484678517,0.6773044613,0.0,0.1720824241,1.0,0.3730523258,0.3730523258,0.4674470067,0.41482818619999995,1817380441.9976165,364300.3591718715
339,339,5001400,14840774817,94924656,9,114,4209,C2,42,2105400.5,0.6616400194,0.6616400194,0.6617374745,0.0,0.1396421969,1.0,0.3708491971,0.3708491971,0.5709502359,0.37368729829999997,14935331717.79578,1159321.8791371991
340,340,5001400,17878855764,5089870747,6,114,5306,C2,53,5402832.0,0.8169047051,0.7910517148,0.9340738313,0.0,0.11634724,14.0,0.5138826677,0.4797317331,0.8262437617,0.3410971122,18332031882.823044,1407123.4195813695
341,341,5001400,2330128389,619956529,3,114,3403,C2,34,12125899.5,0.6936881540000001,0.6003267861,0.6067016787,0.0,0.2762549648,2.0,0.4587990741,0.44617905560000004,0.424391718,0.5255996239999999,2539913144.837289,339906.3820654596
342,342,5001400,377328407,282589732,48,114,648,C2,6,2780962.5,0.6985862617,0.6985862617,0.7476345994,0.0,0.1902932906,1.0,0.1954304769,0.1954304769,0.3284581096,0.436226192,386264948.8816972,159711.3733571578
343,343,5001400,4378760030,30951865,25,114,625,C2,6,0.0,0.6898696795999999,0.6898696795999999,0.6898680376999999,0.0,0.2268768013,1.0,0.36511803229999995,0.36511803229999995,0.36169464939999996,0.4763158629,4410492476.832116,494257.6837248203
344,344,5001400,51543589873,444586815,8,114,2908,C2,29,2242744.5,0.8118333356,0.8118333356,0.9438217613,0.0,0.36304842789999997,1.0,0.5833984334000001,0.5833984334000001,0.8909541769,0.6025350014,51990382094.695206,1341479.8585464628
345,345,5001400,5884524481,76565092,12,114,3912,C2,39,0.0,0.617582284,0.617582284,0.6175783434000001,0.0,0.14531496130000002,1.0,0.31446354379999997,0.31446354379999997,0.314026786,0.3812019954,5961066637.7275505,717979.0218618375
346,346,5001400,1218123124,68645344,3,114,903,C2,9,2868994.0,0.6785565306,0.6791438965000001,0.7459216997,0.0,0.2100081534,2.0,0.35514200009999997,0.3555891799,0.4782568746,0.4582664655,1259828098.8717458,274563.30831400177
347,347,5001400,31758345975,431494396,2,114,1902,C2,19,2270609.0,0.7345762475,0.7345762475,0.8221002075,0.0,0.34612032859999997,1.0,0.3161580364,0.3161580364,0.4643243707,0.5883199203,32189798967.484737,1081061.7726401712
348,348,5001400,1943097018,1597472727,19,114,1219,C2,12,5085704.5,0.5898278331,0.5357461141,0.7507341346999999,0.0,0.1255563937,4.0,0.2284739785,0.2029494168,0.461756558,0.3543393764,2285696976.943464,478293.90036941
349,349,5001400,20212567211,154626758,15,114,4815,C2,48,4969475.5,0.5209515993,0.5209515993,0.521180041,0.0,0.1264699616,1.0,0.1469334912,0.1469334912,0.1956562577,0.3556261543,20370626378.268494,1422700.323691052
350,350,5001400,352103956,5012017,30,114,630,C2,6,0.0,0.6523890195000001,0.6523890195000001,0.6524131238,0.0,0.2060524452,1.0,0.3342756653,0.3342756653,0.33650439020000006,0.4539300003,357103741.61227083,147575.15432032052
351,351,5001400,51991590524,457501023,3,114,4903,C2,49,5767490.5,0.6314574878,0.6314574878,0.6325777622,0.0,0.20672158850000003,1.0,0.2919374916,0.2919374916,0.3793631054,0.45466645850000004,52445718110.022,1785529.514397976
352,352,5001400,1067734223,18347466,12,114,3412,C2,34,2821676.5,0.6308754655,0.6308754655,0.6376087503,0.0,0.17239337920000003,1.0,0.35254689380000004,0.35254689380000004,0.3591305202,0.41520281700000006,1086264355.1436222,281392.4268372607
353,353,5001400,3328124890,33967140,15,114,4215,C2,42,2255894.5,0.6018857071,0.6018857071,0.6029175356,0.0,0.1471746119,1.0,0.19212936690000001,0.19212936690000001,0.1931842858,0.3836334343,3362209770.0773077,535797.7497073292
354,354,5001400,11685622970,169715196,8,114,3708,C2,37,2251218.0,0.6690275896,0.6690275896,0.7727031122,0.0,0.24316222329999998,1.0,0.35961132630000003,0.35961132630000003,0.47502015659999997,0.4931148176,11855123836.374224,782726.3001164001
355,355,5001400,669268355,2127354,1,114,1701,C2,17,7682121.5,0.6279773514,0.6279773514,0.6279807809000001,0.0,0.1273627272,1.0,0.1885728478,0.1885728478,0.1948038803,0.3568791494,671483329.0620586,257395.75156587013
356,356,5001400,1206406434,37418577,2,114,2902,C2,29,2102416.0,0.7628381576000001,0.7628381576000001,0.7637945849,0.0,0.2078932473,1.0,0.5056743939,0.5056743939,0.5093431347,0.45595311969999996,1244910626.7142448,274317.6979381368
357,357,5001400,633330868,1310790085,11,114,3911,C2,39,2333566.0,0.4734973552,0.4734973552,0.484966271,0.0,0.0765888781,1.0,0.1758533016,0.1758533016,0.1834237525,0.2767469568,636978892.1799781,323284.28863206896
358,358,5001400,695404707,628696553,1,114,4401,C2,44,2139301.0,0.6648643892,0.4690840385,0.7175385419,0.0,0.0636435753,12.0,0.2546120932,0.18648428309999998,0.331697065,0.2522767831,750076480.8464806,384840.1910534597
359,359,5001400,25978125712,391512916,5,114,5105,C2,51,2730209.0,0.651208813,0.651208813,0.6513188487,0.0,0.1589700672,1.0,0.3040326054,0.3040326054,0.3876361882,0.3987105055,26369680941.140316,1443775.5757229486
360,360,5001400,614092706,12799708,3,114,1703,C2,17,0.0,0.6670653492,0.6670653492,0.6670631154,0.0,0.1704355998,1.0,0.2761299336,0.2761299336,0.2761316486,0.41283846700000004,626897593.6118491,214992.3845826584
361,361,5001400,149406790,1743217,40,114,640,C2,6,0.0,0.654664289,0.654664289,0.6546734916,0.0,0.2308654195,1.0,0.420937114,0.420937114,0.4209398992,0.4804845674,151183838.45555246,90714.8052614164
362,362,5001400,542048505,26842230,14,114,4214,C2,42,0.0,0.6136830354,0.6136830354,0.6136854528,0.0,0.1202241491,1.0,0.42103375530000003,0.42103375530000003,0.342935337,0.3467335419,568776096.4875852,243825.8485386558
363,363,5001400,41806002,2675060,7,114,3607,C2,36,7031673.0,0.43330290439999997,0.43330290439999997,0.4393340767,0.0,0.1109241158,1.0,0.2086881462,0.2086881462,0.2164399944,0.3330527222,44703440.36618835,71164.3387139401
364,364,5001400,3510750927,466830244,5,114,1205,C2,12,0.0,0.2859343887,0.2859343887,0.2859326647,0.0,0.0398706433,1.0,0.0941306661,0.0941306661,0.1274397516,0.1996763465,3977441648.8263164,1119644.6748261948
365,365,5001400,774046187,14122487,6,114,1306,C2,13,0.0,0.6694312333,0.6694312333,0.6694328772,0.0,0.278180924,1.0,0.5196110514,0.5196110514,0.4890326794,0.5274285961,788112529.7027011,188684.13074430308
366,366,5001400,136083658508,594784170,1,114,2001,C2,20,2001899.0,0.8737724593999999,0.8737724593999999,0.8809866705,0.0,0.42572813460000003,1.0,0.4770593302,0.4770593302,0.7641866391,0.6524784553,136677596064.43939,2008572.0819216468
367,367,5001400,5435281215,7255131098,26,114,1226,C2,12,5549858.0,0.7047731512000001,0.2807983108,0.9305417612000001,0.0,0.0580286667,92.0,0.3877046886,0.09825779189999999,0.413213592,0.2408914002,6570547389.403802,1192846.0917912924
368,368,5001400,16246596751,248400655,7,114,2907,C2,29,2001584.0,0.8165279059,0.8165279059,0.8166996406,0.0,0.4529108806,1.0,0.5652495701,0.5652495701,0.6642704584,0.6729865381999999,16495399615.506626,676518.9645649114
369,369,5001400,251465042238,1861255811,1,114,5600,C1,56,0.0,0.9918669856,0.9918669856,0.9999999393000001,0.0,0.7734180104,1.0,0.6184679013000001,0.6184679013000001,0.9999998904999999,0.8794418744,253334994191.8458,2028828.7186915409
370,370,5001400,47134020177,527100043,6,114,2906,C2,29,3843872.5,0.7605442825,0.7605442825,0.8259349622,0.0,0.2391893222,1.0,0.2942841534,0.2942841534,0.5277225291,0.4890698541,47661932628.83212,1582413.073121611
371,371,5001400,174655542739,1063670008,3,114,3103,C2,31,3732484.5,0.8211124023,0.8211124023,0.8772097173000001,0.0,0.3816617047,1.0,0.35116972560000004,0.35116972560000004,0.8771520267,0.6177877505,175723979100.66882,2405365.920738819
372,372,5001400,86584437209,5042010384,7,114,2707,C2,27,2344865.5,0.7286829353000001,0.7286829353000001,0.8001873898999999,0.0,0.2266855516,1.0,0.3015304881,0.3015304881,0.5160591537,0.47611506130000003,91627478303.71681,2253750.72359211
373,373,5001400,19092559559,1602400181,23,114,3623,C2,36,2222480.5,0.7683041584,0.7683041584,0.771284827,0.0,0.3186513754,1.0,0.2709779705,0.2709779705,0.5528313618,0.5644921393,19619281519.66797,879606.8095873477
374,374,5001400,71374290758,7014266805,2,114,2302,C2,23,2962670.0,0.839714064,0.8276253009000001,0.941625651,0.0,0.1097353276,134.0,0.4706567879,0.4736701264,0.9168917335,0.33126323,75543950961.9186,2941247.33839288
375,375,5001400,134524364,184532186,5,114,3605,C2,36,2864041.0,0.648344591,0.648344591,0.6815207536,0.0,0.26011813429999997,1.0,0.2637082123,0.2637082123,0.34864827789999997,0.5100177784000001,163688548.0845843,88926.00152033301
376,376,5001400,197749662,1307107436,98,114,6098,C4,60,0.0,0.6284336239,0.0036857178,1.0,0.0,0.0546351709,9.0,0.1294017,0.0009826893,1.0,0.23374167559999998,202005848.80192155,215551.3519192594
377,377,5001400,3242797049,136796396,9,114,609,C2,6,0.0,0.8424893049,0.8424893049,0.8424906395999999,0.0,0.35422601670000003,1.0,0.5853837374,0.5853837374,0.5322787702,0.5951688977,3379637120.0349874,346257.93924551556
378,378,5001400,11164129653,180037484,4,114,5104,C2,51,4769502.5,0.7532269164000001,0.7532269164000001,0.7682810292,0.0,0.2102775596,1.0,0.3209394917,0.3209394917,0.4262258886,0.45856031189999996,11335454187.719435,823053.2439273311
379,379,5001400,472262566,4644320317,98,114,6998,C4,69,0.0,0.7749712943000001,0.0091539694,1.0,0.0,0.047938922800000006,17.0,0.3276887115,0.0012997476,1.0,0.21894958969999997,477743675.5669648,353881.8341461088
380,380,5001400,3732596186,86674036,12,114,4812,C2,48,0.0,0.7684064601999999,0.7684064601999999,0.7684059244,0.0,0.23692572809999998,1.0,0.5531219196,0.5531219196,0.5323151573,0.4867501701,3818996694.679193,450063.1559980751
381,381,5001400,6012643682,279133843,2,114,4702,C2,47,4987935.0,0.5527389511999999,0.5513810374,0.556338085,0.0,0.1149406195,4.0,0.37010157060000004,0.37022219450000005,0.4058997046,0.3390289361,6292036004.817747,829399.4914750869
382,382,5001400,433683301,300316284,23,114,1223,C2,12,3182025.0,0.4858151441,0.4858151441,0.49128949130000005,0.0,0.18487050649999998,1.0,0.21848863629999998,0.21848863629999998,0.247218871,0.4299657039,481435980.18935746,180900.7588194486
383,383,5001400,270624134,16683,1,114,3201,C2,32,0.0,0.89807023,0.89807023,0.8980448112999999,0.0,0.5852556266,1.0,0.5335396414,0.5335396414,0.5335448722999999,0.7650200170999999,270648795.1777224,76231.6258249737
384,384,5001400,567556897,35634220,26,114,3626,C2,36,2483541.0,0.7698706213,0.7698706213,0.8561960551000001,0.0,0.3737084214,1.0,0.36110926039999997,0.36110926039999997,0.5272557478000001,0.6113169566,600031549.8095298,142044.8631967658
385,385,5001400,9524262561,461158047,5,114,105,C2,1,2310300.5,0.7730499014,0.7730499014,0.7812236505,0.0,0.2900728545,1.0,0.22465738670000002,0.22465738670000002,0.42494337479999994,0.5385841202,9986827181.115814,657756.5097761827
386,386,5001400,26266692521,306846884,2,114,102,C2,1,2754437.0,0.7424083529000001,0.7424083529000001,0.7559879042000001,0.0,0.22961947030000002,1.0,0.5057724586,0.5057724586,0.6228648407,0.4791862585,26573329435.369637,1205934.0628575336
387,387,5001400,196662389,12863200,10,114,3410,C2,34,2767521.0,0.5625292889,0.5625292889,0.5844357585000001,0.0,0.1341382381,1.0,0.3398632334,0.3398632334,0.3572921477,0.36624887450000004,208931519.8980997,139904.1557470946
388,388,5001400,1308416001,68782323,11,114,3411,C2,34,0.0,0.7306982478,0.7306982478,0.7306962956999999,0.0,0.2344210954,1.0,0.5494327135,0.5494327135,0.5410386984000001,0.4841705231,1377236259.7236614,271713.2459307665
389,389,5001400,128801006581,388542092,3,114,803,C2,8,2115593.0,0.7883497166,0.7883497166,0.7899593348,0.0,0.35896969009999996,1.0,0.5218661873,0.5218661873,0.6637693164,0.5991407932,129189332328.19307,2126617.42878604
390,390,5001400,10404041286,1921180639,1,114,1201,C2,12,2128374.5,0.8209158024,0.8209158024,0.9553086327,0.0,0.3924700386,1.0,0.3584976875,0.3584976875,0.8303975734000001,0.626474292,11462448517.216478,605815.4948841875
391,391,5001400,16497970863,1871188672,17,114,1217,C2,12,5759623.5,0.8189346317,0.8189346317,0.8273206214,0.0,0.32066021920000004,1.0,0.6665690761,0.6665690761,0.6646762452,0.5662686811,18078280262.09893,841707.0153618171
392,392,5001400,2267480986,823562757,16,114,1216,C2,12,2289048.0,0.7563546890999999,0.7553315758,0.8021799542,0.0,0.38786887090000005,2.0,0.412217757,0.41227832740000003,0.5932052946,0.6227911936,2529696085.4660096,286283.7144422802
393,393,5001400,6281339584,89724655,5,114,2905,C2,29,5236307.5,0.6900004336,0.6900004336,0.690264069,0.0,0.19608426399999998,1.0,0.329848832,0.329848832,0.3313747917,0.4428140287,6371357116.418235,638998.052998189
394,394,5001400,25323181645,407769657,4,114,4004,C2,40,2657944.5,0.7621116159,0.7621116159,0.8091784329,0.0,0.2549926126,1.0,0.4643410546,0.4643410546,0.5798724159,0.5049679322999999,25730809751.374382,1126076.4071931413
395,395,5001400,771344292,48249870,4,114,2404,C2,24,6291240.0,0.5487598285999999,0.5487598285999999,0.5845774211,0.0,0.0962462985,1.0,0.2491061939,0.2491061939,0.2958021176,0.3102358756,819464038.4864514,327097.9812289921
396,396,5001400,1264536007,14751870,7,114,2407,C2,24,0.0,0.5473413813,0.5473413813,0.5473475299,0.0,0.0934520512,1.0,0.3598076839,0.3598076839,0.36165536020000005,0.3056992823,1279240760.439906,414750.2508360556
397,397,5001400,1779250489,26627555,1,114,3901,C2,39,5352419.5,0.6203943007,0.6203943007,0.6332694571999999,0.0,0.162296454,1.0,0.29154667289999997,0.29154667289999997,0.33775118049999997,0.40286034049999997,1805685070.9571936,373913.7365594903
398,398,5001400,2926088188,15298289,10,114,3910,C2,39,0.0,0.8590805006000001,0.8590805006000001,0.8590790309,0.0,0.392823162,1.0,0.2936815541,0.2936815541,0.2936834023,0.6267560625999999,2941205815.723794,306739.0699871639
399,399,5001400,14572482294,72238678,5,114,3905,C2,39,5073821.5,0.768635495,0.768635495,0.7702570696,0.0,0.3171794648,1.0,0.5296296624,0.5296296624,0.632760681,0.5631868827000001,14644085014.472202,761699.2390744261
400,400,5001400,37076641119,188668258,4,114,2004,C2,20,1999996.0,0.8605964474,0.8605964474,0.8606790287,0.0,0.4050249481,1.0,0.40475500979999995,0.40475500979999995,0.5432441917,0.6364157039,37264949652.020935,1075262.0392593602
401,401,5001400,16806881512,400677019,2,114,3302,C2,33,2043406.5,0.7034006612,0.7034006612,0.7710434026,0.0,0.1605586688,1.0,0.23133226489999997,0.23133226489999997,0.7159306549,0.4006977275,17210000229.718067,1160589.1085777015
402,402,5001400,59666388405,7706029593,7,114,5507,C2,55,2050016.5,0.7396464229999999,0.7082785970000001,0.8123946271,1.0,0.18927719489999997,21.0,0.5311615793,0.5344542752,0.6680839607,0.43505999,62142181902.35637,2031182.917517584
403,403,5001400,17628788869,8181086532,8,114,5508,C2,55,2028423.5,0.707283717,0.6816836216,0.8470544739,0.0,0.1521915963,7.0,0.509706594,0.4322601265,0.6523237633,0.39011741340000006,18182676831.337105,1225288.9187619977
404,404,5001400,178711991307,4398999691,1,114,3800,C1,38,0.0,0.982003436,0.982003436,1.0,0.0,0.5264639272,1.0,0.5338112674000001,0.5338112674000001,1.0,0.7255783398000001,183108802708.17746,2090620.640999463
405,405,5001400,543558314,934345914,98,114,6698,C4,66,0.0,0.6592647097,0.6370759049,1.0,0.0,0.28621508739999996,3.0,0.3074894925,0.2613097358,1.0,0.5349907358,560636524.0956371,156891.481572881
406,406,5001400,347962916,1550265400,98,114,7898,C4,78,0.0,0.7287141984000001,0.112635525,1.0,0.0,0.042474354000000006,22.0,0.1971933505,0.06078000980000001,1.0,0.20609307129999999,355866876.75577694,324478.0504721295
407,407,5001400,1193371808,214388570,4,114,904,C2,9,2097704.0,0.6713201495000001,0.6625712442,0.7803021509999999,0.0,0.23273674760000002,7.0,0.2968895463,0.29761600850000003,0.546885155,0.4824279714,1239380560.376312,258687.1114922362
408,408,5001400,10290370344,3222844351,27,114,3627,C2,36,6672371.0,0.7670055081999999,0.7670092509,0.8096398897,0.0,0.3341230756,2.0,0.5026975282,0.5027003873,0.6086234909,0.5780338014,10392867151.803364,625200.5980337751
409,409,5001400,4009015627,2197030776,1,114,4501,C2,45,3501670.0,0.6031750492,0.4984952089,0.5517288888,0.0,0.0651694821,5.0,0.27737067309999996,0.156877917,0.2977782809,0.2552831411,4636037020.87373,945488.4866629628
410,410,5001400,376964776680,3868193267,1,114,3000,C1,30,0.0,0.914411353,0.914411353,0.9999999356999999,0.0,0.4963406285,1.0,0.4678541771,0.4678541771,0.9999999475,0.704514463,380830801869.6232,3105139.046579
411,411,5001400,10826767442,135312883,3,114,1803,C2,18,2000910.5,0.897018862,0.897018862,0.8976216393,0.0,0.5155065786,1.0,0.4442697296,0.4442697296,0.606560926,0.7179878679999999,10962190815.024345,516935.6748243442
412,412,5001400,19538947327,470563663,3,114,103,C2,1,2204378.0,0.7317302109,0.7317302109,0.7761247696,0.0,0.22904382280000002,1.0,0.3607522789,0.3607522789,0.6030008663,0.4785852304,20009638211.052868,1047768.3086255173
413,413,5001400,18456322847,1241890366,36,114,4836,C2,48,5445118.5,0.7620276884999999,0.7626218331,0.8057253791,0.0,0.1864185448,5.0,0.420096745,0.4207132496,0.5867979187,0.43176213909999994,19087194989.2512,1134309.1369093696
414,414,5001400,23872224593,1034382802,1,114,5000,C1,50,0.0,0.82520758,0.82520758,1.0,0.0,0.3877945203,1.0,0.3730211084,0.3730211084,1.0,0.6227314993,24902324929.023968,898305.4732908115
415,415,5001400,32209264435,1107931303,4,114,2204,C2,22,2432626.5,0.6134452178,0.6134452178,0.6521307910999999,0.0,0.170250467,1.0,0.3401428567,0.3401428567,0.4833571276,0.4126141866,33314065559.6459,1568103.0305349953
416,416,5001400,13064428483,494102314,5,114,4805,C2,48,0.0,0.6843210826999999,0.6843210826999999,0.6843235551000001,0.0,0.14143194609999998,1.0,0.3173540848,0.3173540848,0.3173578178,0.37607438909999996,13558421447.378992,1097578.870793365
417,417,5001400,38311108,7282926,12,114,3612,C2,36,2326450.0,0.7727064506,0.7727064506,0.7727004390000001,0.0,0.3245870416,1.0,0.4511166017,0.4511166017,0.48895596329999996,0.569725409,45646091.56765082,42037.91248526
418,418,5001400,4475418306,2524257850,1,114,5501,C2,55,2328205.0,0.8792870638,0.8792870638,0.8940526998999999,0.0,0.3318846037,1.0,0.4921175802,0.4921175802,0.6754809789,0.5760942663,4597504662.473565,417227.0607144436
419,419,5001400,12894843907,303337813,2,114,502,C2,5,0.0,0.7110511446,0.7110511446,0.7110519037,0.0,0.2511043228,1.0,0.46268824399999997,0.46268824399999997,0.46269144840000004,0.5011031059000001,13198029895.723175,812703.9887997
420,420,5001400,72745820349,1947859056,1,114,601,C2,6,2882452.0,0.8650897672,0.8650897672,0.8679985715999999,0.0,0.2972817363,1.0,0.5365176736999999,0.5365176736999999,0.6624779047,0.545235487,74698901655.57022,1776961.120715978
421,421,5001400,541433186,456670649,1,114,1501,C2,15,3974581.5,0.6459168903,0.6459168903,0.7352213787,0.0,0.29910656469999997,1.0,0.275561153,0.275561153,0.5716416257,0.5469063582,571522806.8860149,154956.1232412041
422,422,5001400,1364317936,864176425,6,114,2506,C2,25,3212273.5,0.7038880940000001,0.6995179413,0.8291877107,0.0,0.20634373539999998,10.0,0.47566822090000005,0.4608111423,0.6757391645,0.4542507407,1462487072.3044946,298438.81422641966
423,423,5001400,475658444,13179295,9,114,2609,C2,26,3103386.5,0.6912863456,0.6912863456,0.7006918145000001,0.0,0.17596845579999998,1.0,0.35392825969999997,0.35392825969999997,0.3593178422,0.41948594229999997,481806959.153246,185491.5177823277
424,424,5001400,40267196,502409,9,114,3609,C2,36,3357249.0,0.6806997996999999,0.6806997996999999,0.6806651638,0.0,0.311065813,1.0,0.34885835460000003,0.34885835460000003,0.3488589336,0.5577327434,40772627.43891859,40584.7747234799
425,425,5001400,1227588153,22111653,6,114,806,C2,8,0.0,0.5603327768,0.5603327768,0.5603332829,0.0,0.1213194464,1.0,0.3219864982,0.3219864982,0.32198876719999997,0.3483094119,1249829031.076003,359803.20385954133
426,426,5001400,788547078,252321735,3,114,2403,C2,24,6498181.0,0.2936821418,0.2936821418,0.3069590966,0.0,0.0279105854,1.0,0.2036971784,0.2036971784,0.2171985793,0.16706461449999999,827812374.688323,610501.0513314353
427,427,5001400,453510665,11103487,6,114,606,C2,6,0.0,0.6666482777,0.6666482777,0.6666481516,0.0,0.206324544,1.0,0.4174525983,0.4174525983,0.4029720889,0.45422961590000005,464648088.13746184,168225.3971660259
428,428,5001400,37311563597,745100676,4,114,2904,C2,29,2001946.5,0.6768306548,0.6768306548,0.67695802,0.0,0.2330463802,1.0,0.43269062939999997,0.43269062939999997,0.46785393340000003,0.48274877549999995,38056516432.40926,1432511.994794147
429,429,5001400,2228751201,29628414,6,114,4206,C2,42,0.0,0.5205413158,0.5205413158,0.5205450341,0.0,0.0848113798,1.0,0.3027462418,0.3027462418,0.3036624722,0.29122393399999996,2258201223.5477996,578441.1580513333
430,430,5001400,373037824,340660751,7,114,5307,C2,53,3537533.5,0.6379377603999999,0.5423204617,0.7975377675,0.0,0.0990413096,2.0,0.17749257420000003,0.1447649017,0.1815161625,0.31470829289999996,407845848.92264223,227480.81108374443
431,431,5001400,26304093951,330576867,7,114,107,C2,1,2004811.0,0.6215709037,0.6215709037,0.6219313768,0.0,0.1345494892,1.0,0.37367939130000005,0.37367939130000005,0.4204700687,0.3668098815,26632105855.44107,1577126.9736316572
432,432,5001400,5602307611,59304564,12,114,4212,C2,42,2006285.5,0.43497950729999996,0.43497950729999996,0.43502609130000003,0.0,0.10171618019999999,1.0,0.2319161139,0.2319161139,0.2369353007,0.3189297418,5661898695.434995,836355.5785780066
433,433,5001400,4216564942,221665872,2,114,2502,C2,25,4725127.5,0.7701006488,0.7701006488,0.7712287984999999,0.0,0.2765522717,1.0,0.398586379,0.398586379,0.5241124375,0.5258823744,4438123831.51697,449072.049013644
434,434,5001400,4897055602,165097243,5,114,5505,C2,55,0.0,0.8208916646,0.8208916646,0.8208909259999999,0.0,0.2501257295,1.0,0.5277094216,0.5277094216,0.5334993743,0.5001257136999999,5062596196.825222,504327.2005051986
435,435,5001400,23725054173,416736965,7,114,4707,C2,47,4050246.0,0.7181132222,0.7181132222,0.7271869124,0.0,0.2354333468,1.0,0.4464773814,0.4464773814,0.5636800515,0.4852147429,24141321893.999825,1135145.3312803388
436,436,5001400,20835103731,2217384456,4,114,2804,C2,28,2006354.5,0.8417454479,0.8190415993000001,0.9114967922,0.0,0.2903845655,8.0,0.48623458560000005,0.4909586546,0.7333505827,0.5388734225,21086408085.669884,955255.3332965758
437,437,5001400,18686415337,202098705,6,114,3906,C2,39,2392593.5,0.6007047386,0.6007047386,0.655216131,0.0,0.1522685525,1.0,0.21061863460000002,0.21061863460000002,0.3544072936,0.3902160331,18887961689.325603,1248510.9882763324
438,438,5001400,3017827354,9715410,22,114,622,C2,6,0.0,0.5614495347,0.5614495347,0.5614497647,0.0,0.1772192463,1.0,0.3038666113,0.3038666113,0.30380645100000003,0.4209741635,3027612845.792673,463339.8556496748
439,439,5001400,15680137801,412776273,8,114,4808,C2,48,0.0,0.8399153744,0.8399157299,0.8399188944,0.0,0.2522571146,2.0,0.6236510514,0.6236516827,0.6228302057,0.5022520429,16093115865.96459,895371.5466458134
440,440,5001400,922873505,32981424,30,114,4830,C2,48,0.0,0.7601405003,0.7601405003,0.7601403422,0.0,0.18663681850000002,1.0,0.4729457143,0.4729457143,0.4584253929,0.432014836,955769763.4367665,253678.0637854786
