,state_id,STATEFP,seat_id,CD114FP,d_votes,r_votes,other_votes,d_vote_share,r_vote_share,other_vote_share,d_won,r_won,other_won
0,AK,02,1,1,159765,191568,0,0.45473952062573114,0.5452604793742688,0.0,0,1,0
1,AL,01,1,1,116949,211825,0,0.3557124346815746,0.6442875653184255,0.0,0,1,0
2,AL,01,2,2,105286,197996,287,0.34682724520619695,0.6522273354657425,0.0009454193280605068,0,1,0
3,AL,01,3,3,104595,217384,0,0.32485037844083,0.67514962155917,0.0,0,1,0
4,AL,01,4,4,56237,261553,0,0.17696277415903583,0.8230372258409642,0.0,0,1,0
5,AL,01,6,6,0,274160,8101,0.0,0.9712996127697415,0.028700387230258518,0,1,0
6,AR,05,2,2,148410,184093,0,0.4463418375172555,0.5536581624827445,0.0,0,1,0
7,AR,05,3,3,106325,214960,12977,0.3180888045904111,0.643088355840628,0.038822839568960876,0,1,0
8,AR,05,4,4,75435,190739,7628,0.2755093096471173,0.6966311422122555,0.027859548140627168,0,1,0
9,AZ,04,1,1,188469,176709,0,0.5161017366873142,0.4838982633126859,0.0,1,0,0
10,AZ,04,2,2,209945,170975,0,0.5511524729602016,0.44884752703979836,0.0,1,0,0
11,AZ,04,3,3,174243,95594,0,0.6457342766188476,0.3542657233811523,0.0,1,0,0
12,AZ,04,4,4,120484,278002,42,0.30232254697286015,0.6975720651999358,0.00010538782720411113,0,1,0
13,AZ,04,5,5,183171,262414,0,0.4110798164211093,0.5889201835788906,0.0,0,1,0
14,AZ,04,6,6,199644,217783,0,0.47827284770750333,0.5217271522924967,0.0,0,1,0
15,AZ,04,7,7,165452,50226,0,0.7671250660707165,0.23287493392928346,0.0,1,0,0
16,AZ,04,8,8,170816,251633,0,0.4043470336064235,0.5956529663935765,0.0,0,1,0
17,AZ,04,9,9,217094,135180,0,0.6162646122052721,0.383735387794728,0.0,1,0,0
18,CA,06,1,1,152768,201465,0,0.4312641679346645,0.5687358320653355,0.0,0,1,0
19,CA,06,2,2,282130,87081,0,0.764142996822955,0.2358570031770451,0.0,1,0,0
20,CA,06,3,3,162349,130590,0,0.5542075312607744,0.44579246873922557,0.0,1,0,0
21,CA,06,4,4,187599,236678,0,0.4421616066861979,0.557838393313802,0.0,0,1,0
22,CA,06,5,5,262525,79369,0,0.7678549491947797,0.23214505080522033,0.0,1,0,0
23,CA,06,6,6,225043,80961,0,0.7354250271238284,0.26457497287617154,0.0,1,0,0
24,CA,06,7,7,215639,164742,0,0.5669026581243543,0.43309734187564575,0.0,1,0,0
25,CA,06,8,8,122164,155980,0,0.43921134376438103,0.5607886562356189,0.0,0,1,0
26,CA,06,9,9,167033,122176,0,0.5775511827086985,0.42244881729130146,0.0,1,0,0
27,CA,06,10,10,163927,132986,0,0.5521044885202062,0.44789551147979373,0.0,1,0,0
28,CA,06,11,11,270622,100064,0,0.7300572452156272,0.26994275478437274,0.0,1,0,0
29,CA,06,12,12,362600,0,0,1.0,0.0,0.0,1,0,0
30,CA,06,13,13,327778,34933,0,0.903689162997538,0.09631083700246201,0.0,1,0,0
31,CA,06,14,14,277808,72544,0,0.7929396721012011,0.2070603278987989,0.0,1,0,0
32,CA,06,15,15,242905,99638,0,0.7091226502949994,0.29087734970500057,0.0,1,0,0
33,CA,06,16,16,127717,87457,0,0.5935521949677935,0.4064478050322065,0.0,1,0,0
34,CA,06,17,17,212086,85165,0,0.7134912918711795,0.2865087081288204,0.0,1,0,0
35,CA,06,18,18,343841,0,0,1.0,0.0,0.0,1,0,0
36,CA,06,19,19,212908,83786,0,0.7176012996555373,0.2823987003444626,0.0,1,0,0
37,CA,06,20,20,235200,71122,0,0.767819484072316,0.23218051592768393,0.0,1,0,0
39,CA,06,22,22,143293,169737,0,0.4577612369421461,0.5422387630578539,0.0,0,1,0
40,CA,06,23,23,113560,186010,0,0.37907667656974997,0.62092332343025,0.0,0,1,0
41,CA,06,24,24,208484,146681,0,0.5870060394464545,0.41299396055354554,0.0,1,0,0
43,CA,06,26,26,208364,135533,0,0.6058907172787201,0.39410928272127993,0.0,1,0,0
44,CA,06,27,27,220850,95584,0,0.6979338503447796,0.3020661496552204,0.0,1,0,0
45,CA,06,28,28,243724,91687,0,0.7266428352081477,0.2733571647918524,0.0,1,0,0
46,CA,06,29,29,210364,0,0,1.0,0.0,0.0,1,0,0
47,CA,06,30,30,239499,105137,0,0.6949332048886361,0.30506679511136386,0.0,1,0,0
48,CA,06,31,31,172190,108895,0,0.6125904975363324,0.38740950246366757,0.0,1,0,0
49,CA,06,32,32,172548,86615,0,0.6657894838383566,0.33421051616164343,0.0,1,0,0
50,CA,06,33,33,256521,123048,0,0.6758217873430127,0.32417821265698726,0.0,1,0,0
51,CA,06,34,34,204799,0,0,1.0,0.0,0.0,1,0,0
52,CA,06,35,35,167145,73890,0,0.6934470097703653,0.3065529902296347,0.0,1,0,0
53,CA,06,36,36,183905,120788,0,0.6035747457276669,0.39642525427233316,0.0,1,0,0
54,CA,06,37,37,254284,41581,0,0.8594595508086459,0.14054044919135417,0.0,1,0,0
55,CA,06,38,38,255594,0,0,1.0,0.0,0.0,1,0,0
56,CA,06,39,39,169360,173558,0,0.49387900314360866,0.5061209968563913,0.0,0,1,0
57,CA,06,40,40,135209,50656,0,0.7274581013100907,0.27254189868990936,0.0,1,0,0
58,CA,06,41,41,166746,93630,0,0.6404046455894552,0.35959535441054474,0.0,1,0,0
59,CA,06,42,42,153284,203556,0,0.42955946642753057,0.5704405335724695,0.0,0,1,0
60,CA,06,43,43,198681,78485,0,0.7168303471565777,0.2831696528434223,0.0,1,0,0
61,CA,06,44,44,205418,0,0,1.0,0.0,0.0,1,0,0
62,CA,06,45,45,217129,188848,0,0.534830790906874,0.465169209093126,0.0,1,0,0
63,CA,06,46,46,152858,69363,0,0.687864783256308,0.3121352167436921,0.0,1,0,0
64,CA,06,47,47,195301,112456,0,0.6345948264377415,0.36540517356225855,0.0,1,0,0
65,CA,06,48,48,191341,199133,0,0.4900223830523927,0.5099776169476072,0.0,0,1,0
66,CA,06,49,49,204376,179696,0,0.5321293924055907,0.4678706075944094,0.0,1,0,0
67,CA,06,50,50,166649,195239,0,0.4604988283667875,0.5395011716332125,0.0,0,1,0
68,CA,06,51,51,163292,75159,0,0.6848031671077076,0.31519683289229233,0.0,1,0,0
69,CA,06,52,52,244074,152288,0,0.6157855697569393,0.3842144302430606,0.0,1,0,0
70,CA,06,53,53,334612,0,0,1.0,0.0,0.0,1,0,0
71,CO,08,1,1,331624,105954,12714,0.7364643386957797,0.23530064935641762,0.02823501194780276,1,0,0
72,CO,08,2,2,316918,182542,16190,0.6145990497430428,0.3540036846698342,0.031397265587123045,1,0,0
73,CO,08,3,3,193983,220505,14538,0.45214742230074634,0.513966519511638,0.03388605818761567,0,1,0
74,CO,08,4,4,173945,285605,15556,0.3661182978114358,0.601139535177413,0.032742167011151194,0,1,0
75,CO,08,5,5,161399,248830,21757,0.3736209043811605,0.5760140374919558,0.050365058126883744,0,1,0
76,CO,08,6,6,250366,175227,12969,0.5708793739539677,0.399548980531829,0.029571645514203236,1,0,0
77,CO,08,7,7,250525,159301,13865,0.5912917668772761,0.37598391280437865,0.03272432031834521,1,0,0
78,CT,09,1,1,224442,122088,4506,0.6393703209927187,0.34779338871226884,0.012836290295012478,1,0,0
79,CT,09,2,2,217982,140409,8854,0.5935601573881196,0.3823305967405955,0.024109245871284837,1,0,0
80,CT,09,3,3,238859,144577,6082,0.6132168474884344,0.371168983204884,0.01561416930668159,1,0,0
81,CT,09,4,4,225598,130635,5658,0.6233865998325463,0.3609788582750055,0.01563454189244828,1,0,0
82,CT,09,5,5,192543,152003,5052,0.5507554391043427,0.43479367730936674,0.01445088358629054,1,0,0
83,DE,10,1,1,281382,196392,10496,0.5762836135744568,0.4022200831507158,0.02149630327482745,1,0,0
84,FL,12,1,1,149172,283352,6038,0.3401389085237663,0.6460933687825211,0.013767722693712634,0,1,0
85,FL,12,2,2,0,305337,6662,0.0,0.9786473674595111,0.02135263254048891,0,1,0
86,FL,12,3,3,167326,223075,0,0.42860033657700675,0.5713996634229933,0.0,0,1,0
87,FL,12,4,4,196423,308497,20,0.3890026537806472,0.6109577375529766,3.960866637620311e-05,0,1,0
88,FL,12,5,5,219463,117510,0,0.6512776988067294,0.3487223011932707,0.0,1,0,0
89,FL,12,6,6,172305,265393,158,0.3935197873273405,0.6061193634436892,0.0003608492289702551,0,1,0
90,FL,12,7,7,224946,175750,5753,0.553442129270831,0.43240357338805113,0.014154297341117828,1,0,0
91,FL,12,8,8,177695,282093,0,0.38647159125510017,0.6135284087448998,0.0,0,1,0
92,FL,12,9,9,240724,188889,25,0.5602949459777766,0.43964686550072385,5.818852149949493e-05,1,0,0
93,FL,12,10,10,239434,136889,74,0.6361209042580042,0.3636824948126579,0.00019660092933790652,1,0,0
94,FL,12,11,11,158094,316979,0,0.3327783309091445,0.6672216690908556,0.0,0,1,0
95,FL,12,12,12,168194,284941,0,0.37117856709369174,0.6288214329063083,0.0,0,1,0
96,FL,12,13,13,215405,190713,7,0.5303908895044629,0.46959187442289935,1.7236072637734686e-05,1,0,0
97,FL,12,14,14,224240,147896,0,0.6025754025410065,0.3974245974589935,0.0,1,0,0
98,FL,12,15,15,174297,216374,0,0.4461477816372344,0.5538522183627655,0.0,0,1,0
99,FL,12,16,16,215683,269001,0,0.444997152784082,0.555002847215918,0.0,0,1,0
100,FL,12,17,17,140487,266514,5396,0.340659607126143,0.6462559135978195,0.013084479276037411,0,1,0
101,FL,12,18,18,186674,253286,9760,0.4150893889531264,0.5632082184470337,0.0217023925998399,0,1,0
102,FL,12,19,19,172146,272440,3,0.3872025623665903,0.6127906898281335,6.7478052763338725e-06,0,1,0
103,FL,12,20,20,253661,68748,0,0.7867677391139826,0.21323226088601746,0.0,1,0,0
104,FL,12,21,21,237925,157612,7750,0.5899644669924892,0.39081844939212024,0.01921708361539053,1,0,0
105,FL,12,22,22,235764,166553,0,0.5860155051862089,0.4139844948137911,0.0,1,0,0
106,FL,12,23,23,221239,158874,83,0.5819077528432703,0.4178739387052994,0.00021830845143031488,1,0,0
107,FL,12,24,24,218825,59084,11729,0.7555120529764741,0.20399257003569973,0.04049537698782618,1,0,0
108,FL,12,26,26,165407,177223,0,0.4827569097860666,0.5172430902139334,0.0,0,1,0
109,FL,12,27,27,166758,176141,76,0.486210365186967,0.513568044318099,0.0002215904949340331,0,1,0
110,GA,13,1,1,135238,189457,0,0.4165077996273426,0.5834922003726574,0.0,0,1,0
111,GA,13,2,2,161397,111620,0,0.5911609899749832,0.40883901002501677,0.0,1,0,0
112,GA,13,3,3,129792,241526,18,0.34952711291121785,0.6504244134692031,4.847361957903355e-05,0,1,0
113,GA,13,4,4,278906,69393,0,0.8007660085156719,0.19923399148432813,0.0,1,0,0
114,GA,13,5,5,301857,52646,0,0.8514934993497939,0.14850650065020607,0.0,1,0,0
115,GA,13,6,6,216775,180329,0,0.5458897417301262,0.4541102582698739,0.0,1,0,0
116,GA,13,7,7,190900,180564,0,0.5139125191135615,0.48608748088643855,0.0,1,0,0
117,GA,13,8,8,109264,198701,24,0.35476591696456694,0.6451561581744802,7.792486095282624e-05,0,1,0
118,GA,13,9,9,79797,292750,3,0.21419138370688498,0.7858005636827271,8.0526103878674e-06,0,1,0
119,GA,13,10,10,142636,235810,60,0.3768394688591462,0.6230020131781266,0.00015851796272714304,0,1,0
120,GA,13,11,11,160623,245259,0,0.3957381702071045,0.6042618297928954,0.0,0,1,0
121,GA,13,12,12,129061,181038,0,0.416192893237321,0.583807106762679,0.0,0,1,0
122,GA,13,13,13,279045,81476,0,0.7740048429911156,0.22599515700888437,0.0,1,0,0
123,GA,13,14,14,77798,229827,323,0.25263356151038485,0.7463175601075506,0.0010488783820645044,0,1,0
124,HI,15,1,1,183245,71188,0,0.7202092495863351,0.2797907504136649,0.0,1,0,0
125,HI,15,2,2,171517,84027,16558,0.630340828071826,0.3088069914958361,0.06085218043233787,1,0,0
126,IA,19,1,1,201347,212088,0,0.487010049947392,0.5129899500526081,0.0,0,1,0
128,IA,19,3,3,219205,212997,15361,0.48977462390769566,0.47590395095215643,0.03432142514014787,1,0,0
129,IA,19,4,4,144761,237369,0,0.37882657734278913,0.6211734226572109,0.0,0,1,0
130,ID,16,1,1,131380,310736,16453,0.28649995965710723,0.6776210341300873,0.035879006212805487,0,1,0
131,ID,16,2,2,124151,250668,16513,0.31725235861110257,0.6405507344147681,0.04219690697412938,0,1,0
132,IL,17,1,1,238881,84702,0,0.738237175624183,0.26176282437581705,0.0,1,0,0
133,IL,17,2,2,232887,62835,0,0.7875200357092134,0.2124799642907866,0.0,1,0,0
134,IL,17,3,3,171886,133230,0,0.5633463994021946,0.43665360059780545,0.0,1,0,0
135,IL,17,4,4,185837,35292,0,0.8404008519913716,0.15959914800862846,0.0,1,0,0
136,IL,17,5,5,254620,95791,9334,0.7077791213220476,0.2662747223727918,0.0259461563051606,1,0,0
137,IL,17,6,6,213188,183490,7063,0.5280315846049819,0.4544745269863601,0.017493888408658027,1,0,0
138,IL,17,7,7,247671,41156,19201,0.8040535276013869,0.13361123014790863,0.062335242250704484,1,0,0
139,IL,17,8,8,185423,0,68087,0.7314228235572561,0.0,0.26857717644274387,1,0,0
140,IL,17,9,9,260798,106651,0,0.7097529180920346,0.29024708190796544,0.0,1,0,0
141,IL,17,10,10,198886,113017,0,0.6376533730037864,0.36234662699621356,0.0,1,0,0
142,IL,17,11,11,194533,112790,0,0.6329919986463753,0.3670080013536247,0.0,1,0,0
143,IL,17,12,12,125511,192807,0,0.3942943848604226,0.6057056151395774,0.0,0,1,0
144,IL,17,13,13,150316,180176,0,0.4548249276835748,0.5451750723164253,0.0,0,1,0
145,IL,17,14,14,202649,197476,0,0.5064642299281474,0.49353577007185256,0.0,1,0,0
146,IL,17,15,15,91405,230955,0,0.28354944782231045,0.7164505521776895,0.0,0,1,0
147,IL,17,16,16,117904,217149,168,0.35172020845949387,0.6477786296204593,0.0005011619200467751,0,1,0
148,IL,17,17,17,154441,142881,0,0.5194402028776882,0.48055979712231184,0.0,1,0,0
149,IL,17,18,18,107951,258093,0,0.29491263345390173,0.7050873665460983,0.0,0,1,0
150,IN,18,1,1,185180,132247,9521,0.5663897622863575,0.4044893989258231,0.02912083878781947,1,0,0
151,IN,18,2,2,114967,183601,0,0.385061359556282,0.614938640443718,0.0,0,1,0
152,IN,18,3,3,104762,220989,0,0.32160146860638955,0.6783985313936105,0.0,0,1,0
153,IN,18,4,4,112984,225531,0,0.33376364415166243,0.6662363558483376,0.0,0,1,0
154,IN,18,5,5,191226,208212,16788,0.4594282913609433,0.5002378515518012,0.04033385708725548,0,1,0
155,IN,18,6,6,91105,225318,11791,0.2775780435935091,0.6864972243719037,0.03592473203458719,0,1,0
156,IN,18,7,7,176422,106146,0,0.6243523682794938,0.3756476317205062,0.0,1,0,0
157,IN,18,8,8,95691,214643,10283,0.2984589089162459,0.6694685559405771,0.03207253514317706,0,1,0
158,IN,18,9,9,122580,222070,14416,0.34138570624899045,0.6184656859741663,0.04014860777684325,0,1,0
159,KS,20,1,1,81561,204275,0,0.28534194433171467,0.7146580556682853,0.0,0,1,0
160,KS,20,2,2,133354,182145,13754,0.4050198479588645,0.5532068044938087,0.041773347547326825,0,1,0
161,KS,20,3,3,212604,174163,11119,0.5343339549519209,0.4377208547171803,0.0279451903308988,1,0,0
162,KS,20,4,4,110922,197433,0,0.35972174928248285,0.6402782507175171,0.0,0,1,0
163,KY,21,1,1,82141,246329,0,0.25007154382439795,0.749928456175602,0.0,0,1,0
164,KY,21,2,2,94643,255735,10021,0.2626061670537377,0.7095885393688661,0.027805293577396164,0,1,0
165,KY,21,3,3,230672,137425,0,0.6266609073151914,0.37333909268480864,0.0,1,0,0
166,KY,21,4,4,125896,256613,0,0.32913212499575173,0.6708678750042483,0.0,0,1,0
167,KY,21,5,5,47056,250914,7,0.1579182285881125,0.8420582796658802,2.349174600724217e-05,0,1,0
168,KY,21,6,6,155011,216948,6491,0.40959439820319726,0.5732540626238605,0.017151539172942265,0,1,0
169,LA,22,1,1,94730,270330,9309,0.2530391138155136,0.722095045262829,0.024865840921657507,0,1,0
170,LA,22,2,2,235320,63140,18522,0.7423765387309058,0.19919112126240607,0.05843234000668808,1,0,0
171,LA,22,3,3,100275,230480,9365,0.2948224156180172,0.6776431847583206,0.027534399623662238,0,1,0
172,LA,22,4,4,101970,204608,0,0.33260703638225836,0.6673929636177417,0.0,0,1,0
174,LA,22,6,6,95541,265706,12749,0.25545995144333095,0.7104514486785954,0.03408859987807356,0,1,0
175,MA,25,1,1,253357,0,9866,0.9625184729297972,0.0,0.03748152707020283,1,0,0
176,MA,25,2,2,248858,124835,540,0.6649814420427915,0.3335756066407826,0.001442951316425863,1,0,0
177,MA,25,3,3,245840,0,7462,0.9705410932404798,0.0,0.029458906759520256,1,0,0
178,MA,25,4,4,214977,147243,1690,0.5907422164820972,0.4046137781319557,0.004644005385947075,1,0,0
179,MA,25,5,5,275104,96783,1783,0.7362217999839431,0.25900661011052534,0.004771589905531619,1,0,0
180,MA,25,6,6,265720,138621,674,0.6560744663777884,0.34226139772601016,0.0016641358962013752,1,0,0
181,MA,25,7,7,128137,0,22067,0.8530864690687332,0.0,0.1469135309312668,1,0,0
182,MA,25,8,8,248611,0,62586,0.7988862360498333,0.0,0.2011137639501666,1,0,0
183,MA,25,9,9,256158,152416,10535,0.6111966099511106,0.36366673108904846,0.025136658959840998,1,0,0
184,MD,24,1,1,143877,250901,0,0.36445039997162965,0.6355496000283704,0.0,0,1,0
185,MD,24,2,2,224836,106355,0,0.6788711045891948,0.32112889541080525,0.0,1,0,0
186,MD,24,3,3,259806,111945,0,0.6988710185043214,0.30112898149567857,0.0,1,0,0
187,MD,24,4,4,282119,71671,0,0.7974193730744227,0.20258062692557732,0.0,1,0,0
188,MD,24,5,5,274210,123525,0,0.6894288910958302,0.31057110890416983,0.0,1,0,0
189,MD,24,6,6,213130,142924,6830,0.5873226706054827,0.39385588783192427,0.018821441562593005,1,0,0
190,MD,24,7,7,237084,92825,74,0.7184733759011828,0.2813023701220972,0.00022425397672001286,1,0,0
191,MD,24,8,8,271704,126368,0,0.6825498904720754,0.3174501095279246,0.0,1,0,0
192,ME,23,1,1,211905,139529,800,0.6016029117007444,0.39612587086993306,0.0022712174293225526,1,0,0
193,ME,23,2,2,174734,150407,1331,0.5352189468009507,0.46070413389203363,0.004076919307015609,1,0,0
194,MI,26,1,1,154707,256644,6315,0.37040841246354744,0.6144718507132494,0.01511973682320323,0,1,0
195,MI,26,2,2,154122,238711,10414,0.3822024714381012,0.591972165942958,0.025825362618940747,0,1,0
196,MI,26,3,3,189769,213649,0,0.47040290715833205,0.5295970928416679,0.0,0,1,0
197,MI,26,4,4,120802,242621,9822,0.32365336441211534,0.6500314806628354,0.026315154925049232,0,1,0
198,MI,26,5,5,197840,151397,13693,0.5451188934505277,0.41715206789188,0.037729038657592376,1,0,0
199,MI,26,6,6,152103,211496,14838,0.40192423045315334,0.558867129799676,0.0392086397471706,0,1,0
200,MI,26,7,7,159752,227518,0,0.41250806930565237,0.5874919306943476,0.0,0,1,0
201,MI,26,8,8,217929,202519,7896,0.5087709878041947,0.4727952300020544,0.018433782193750817,1,0,0
202,MI,26,9,9,231829,153677,15579,0.5780046623533664,0.3831531969532643,0.038842140693369234,1,0,0
203,MI,26,10,10,138286,271812,0,0.3372023272486089,0.6627976727513911,0.0,0,1,0
204,MI,26,11,11,226128,215405,8936,0.501983488319951,0.478179408571955,0.019837103108094008,1,0,0
205,MI,26,12,12,254991,117730,11147,0.6642674044202694,0.3066939677180697,0.02903862786166078,1,0,0
206,MI,26,13,13,223205,53311,9363,0.780767387601048,0.18648099370712784,0.032751618691824164,1,0,0
207,MI,26,14,14,271370,62664,8269,0.7927771594172415,0.18306588022891998,0.024156960353838557,1,0,0
208,MN,27,1,1,167877,179150,21441,0.4556080853696929,0.4862023296459937,0.058189584984313425,0,1,0
209,MN,27,2,2,203980,194414,24676,0.48214243505802823,0.4595315196066845,0.058326045335287305,1,0,0
210,MN,27,3,3,243984,194596,0,0.556304437046833,0.44369556295316703,0.0,1,0,0
211,MN,27,4,4,243503,111693,29357,0.6332105067441939,0.2904489108133339,0.07634058244247217,1,0,0
212,MN,27,5,5,255920,102878,37978,0.6449986894368611,0.2592848357763574,0.09571647478678146,1,0,0
213,MN,27,6,6,142469,271153,0,0.3444425103113471,0.6555574896886529,0.0,0,1,0
214,MN,27,7,7,141150,187483,23425,0.40092825613961336,0.5325344119434866,0.06653733191690006,0,1,0
215,MN,27,8,8,147581,223363,22114,0.37546876033562476,0.5682698227742471,0.056261416890128174,0,1,0
216,MO,29,1,1,249087,59940,6766,0.7887666921052715,0.18980788047866798,0.02142542741606052,1,0,0
217,MO,29,2,2,204468,233094,11714,0.455105547592126,0.518821392640604,0.026073059767270007,0,1,0
218,MO,29,3,3,116109,282424,8328,0.28537756137845605,0.6941535315500871,0.020468907071456835,0,1,0
219,MO,29,4,4,107582,245109,9945,0.29666662989885173,0.6759091761435709,0.027424193957577295,0,1,0
220,MO,29,5,5,205079,135677,9234,0.5859567416211892,0.3876596474184977,0.02638361096031315,1,0,0
221,MO,29,6,6,120876,259030,8157,0.311485506219351,0.6674947109103418,0.02101978287030714,0,1,0
222,MO,29,7,7,98059,254366,15565,0.26647191499769013,0.6912307399657599,0.04229734503654991,0,1,0
223,MO,29,8,8,70504,253646,5846,0.2136510745584795,0.7686335591946569,0.0177153662468636,0,1,0
224,MS,28,1,1,103994,228731,280,0.31228960526118227,0.6868695665230252,0.0008408282157925557,0,1,0
225,MS,28,2,2,196331,101037,203,0.6597786746692386,0.33953913519798634,0.0006821901327750352,1,0,0
226,MS,28,3,3,119880,220547,0,0.35214598137045533,0.6478540186295446,0.0,0,1,0
227,MS,28,4,4,0,255960,8670,0.0,0.9672372746854098,0.03276272531459018,0,1,0
228,MT,30,1,1,262340,339169,0,0.43613645016117797,0.563863549838822,0.0,0,1,0
229,NC,37,1,1,188870,159748,0,0.541767780206415,0.45823221979358497,0.0,1,0,0
230,NC,37,2,2,311887,172544,10913,0.6296371814335089,0.34833166445944636,0.0220311541070448,1,0,0
231,NC,37,3,3,132752,229800,0,0.3661598887883669,0.6338401112116331,0.0,0,1,0
232,NC,37,4,4,332424,161301,0,0.6732978885006836,0.32670211149931644,0.0,1,0,0
233,NC,37,5,5,119845,257842,7555,0.31109017189195365,0.6692987784301816,0.019611049677864822,0,1,0
234,NC,37,6,6,253530,153597,0,0.6227295168338135,0.3772704831661865,0.0,1,0,0
235,NC,37,7,7,179053,272448,0,0.3965727650658581,0.6034272349341419,0.0,0,1,0
236,NC,37,8,8,177781,202774,0,0.467162433813772,0.532837566186228,0.0,0,1,0
237,NC,37,9,9,178508,223022,0,0.44456952157995666,0.5554304784200433,0.0,0,1,0
238,NC,37,10,10,128146,284019,0,0.3109094658692514,0.6890905341307486,0.0,0,1,0
239,NC,37,11,11,190609,245350,14185,0.42344005473803936,0.5450478069240066,0.031512138337954076,0,1,0
240,NC,37,13,13,124684,267181,0,0.3181810062138747,0.6818189937861253,0.0,0,1,0
241,ND,38,1,1,97970,245229,12024,0.2757985828620331,0.6903522575959327,0.03384915954203416,0,1,0
242,NE,31,1,1,119622,189006,8938,0.3766839019290478,0.5951707676514488,0.02814533041950335,0,1,0
243,NE,31,2,2,155706,171071,10185,0.462087713154599,0.5076863266481086,0.030225960197292276,0,1,0
244,NE,31,3,3,50699,225194,10931,0.176759964298664,0.7851295568013834,0.03811047889995258,0,1,0
245,NH,33,1,1,205606,185159,9830,0.5132515383367241,0.46220996268051273,0.02453849898276314,1,0,0
246,NH,33,2,2,208289,168886,9172,0.539124155228331,0.4371355284239298,0.02374031634773921,1,0,0
247,NJ,34,1,1,225041,135835,0,0.6235964708099181,0.3764035291900819,0.0,1,0,0
248,NJ,34,2,2,163065,183035,6337,0.4626784361460346,0.5193410453499491,0.01798051850401632,0,1,0
249,NJ,34,3,3,227555,192797,5452,0.5344125466176927,0.4527834402682925,0.0128040131140149,1,0,0
250,NJ,34,4,4,161462,250260,7767,0.38490163031688557,0.5965829854894884,0.018515384193626055,0,1,0
251,NJ,34,5,5,225043,193167,5125,0.5315955448994295,0.4562982035503797,0.012106251550190747,1,0,0
252,NJ,34,6,6,199645,126756,0,0.6116556015453384,0.3883443984546616,0.0,1,0,0
253,NJ,34,7,7,219629,214315,0,0.5061229098685545,0.49387709013144554,0.0,1,0,0
254,NJ,34,8,8,144049,42965,2368,0.7606266699052708,0.22686950185339683,0.012503828241332334,1,0,0
255,NJ,34,9,9,201135,96653,7067,0.6597726788145184,0.3170458086631349,0.023181512522346688,1,0,0
256,NJ,34,10,10,228055,35740,7313,0.8411961284801629,0.13182938164864186,0.026974489871195242,1,0,0
257,NJ,34,11,11,235135,205970,0,0.5330590222282676,0.4669409777717324,0.0,1,0,0
258,NJ,34,12,12,230883,114591,6251,0.6564304499253678,0.3257971426540621,0.017772407420570048,1,0,0
259,NM,35,1,1,185336,133789,0,0.5807630238934587,0.4192369761065413,0.0,1,0,0
260,NM,35,2,2,120766,141227,145,0.46069627448138006,0.5387505817546483,0.0005531437639716485,0,1,0
261,NM,35,3,3,174452,126711,0,0.57926106460621,0.4207389353937901,0.0,1,0,0
262,NV,32,1,1,137868,74490,10855,0.6176521976766586,0.33371712221062394,0.04863068011271745,1,0,0
263,NV,32,2,2,155780,216078,10815,0.40708385488393484,0.564654417740473,0.028261727375592217,0,1,0
264,NV,32,3,3,203421,190975,22856,0.48752552414368294,0.45769702721616673,0.054777448640150314,1,0,0
265,NV,32,4,4,168457,152284,11728,0.5066848337739759,0.45803969693415025,0.03527546929187383,1,0,0
268,NY,36,3,3,172120,149692,1914,0.5316842020721227,0.46240339052161394,0.005912407406263321,1,0,0
269,NY,36,4,4,199012,152573,3129,0.5610491832856893,0.4301296255574914,0.008821191156819296,1,0,0
270,NY,36,5,5,187590,0,113,0.9993979851147824,0.0,0.0006020148852176044,1,0,0
271,NY,36,6,6,106131,63324,0,0.626307869345844,0.37369213065415596,0.0,1,0,0
272,NY,36,7,7,142815,27907,1158,0.8308994647428438,0.16236327670467768,0.006737258552478473,1,0,0
273,NY,36,8,8,175140,36873,0,0.8260814195355946,0.17391858046440548,0.0,1,0,0
274,NY,36,9,9,170898,36847,1947,0.8149953264788357,0.17571962688133072,0.00928504663983366,1,0,0
275,NY,36,10,10,120273,52842,2156,0.6862116379777602,0.3014874109236554,0.012300951098584478,1,0,0
277,NY,36,12,12,153815,37973,2732,0.7907413119473576,0.19521385975735142,0.014044828295290973,1,0,0
278,NY,36,13,13,179589,16787,2747,0.9018998307578733,0.08430467600427877,0.013795493237847962,1,0,0
279,NY,36,14,14,105455,46877,1042,0.6875676451028205,0.30563850457052694,0.0067938503266524964,1,0,0
280,NY,36,15,15,136471,18198,0,0.8823422922499013,0.1176577077500986,0.0,1,0,0
281,NY,36,16,16,161730,0,33608,0.8279495029128997,0.0,0.1720504970871003,1,0,0
282,NY,36,17,17,136185,100237,15232,0.5411596875074507,0.39831276276156946,0.06052754973097984,1,0,0
283,NY,36,18,18,143488,131095,2576,0.5177100509094058,0.4729956450990226,0.009294303991571625,1,0,0
284,NY,36,19,19,156950,139294,7810,0.5161912028784361,0.4581225703329014,0.02568622678866254,1,0,0
285,NY,36,20,20,168909,125991,111,0.5725515319767738,0.42707221086671343,0.000376257156512808,1,0,0
286,NY,36,21,21,103737,173416,55,0.3742208017084644,0.6255807913191539,0.00019840697238174943,0,1,0
288,NY,36,23,23,105331,170079,3274,0.37795854803289747,0.6102933788807394,0.01174807308636305,0,1,0
290,NY,36,25,25,204759,135776,5464,0.5917907277188662,0.3924173191251998,0.015791953155933975,1,0,0
291,NY,36,26,26,170259,82301,3542,0.6648093337810717,0.321360239279662,0.013830426939266387,1,0,0
292,NY,36,27,27,117883,211136,4347,0.35361434579411216,0.6333459320986543,0.013039722107233491,0,1,0
293,OH,39,1,1,172022,199560,13760,0.44641383498295023,0.5178776255897358,0.03570853942731392,0,1,0
294,OH,39,2,2,146781,230430,114,0.3890041741204532,0.6106936990657921,0.0003021268137547207,0,1,0
295,OH,39,3,3,227420,93569,534,0.7073210936698152,0.29101806091632637,0.0016608454138584176,1,0,0
296,OH,39,4,4,101595,234711,9790,0.2935457214183348,0.6781673292959179,0.028286949285747306,0,1,0
297,OH,39,5,5,120801,256408,0,0.3202495168460986,0.6797504831539014,0.0,0,1,0
298,OH,39,6,6,85368,248127,0,0.25597984977286015,0.7440201502271399,0.0,0,1,0
299,OH,39,7,7,102271,236607,11671,0.2917452339045326,0.674961275028598,0.03329349106686939,0,1,0
300,OH,39,8,8,110757,246177,130,0.31018808953016824,0.6894478300808818,0.00036408038894988014,0,1,0
301,OH,39,9,9,190328,111385,246,0.6303107375504622,0.3688745823108435,0.000814680138694326,1,0,0
302,OH,39,10,10,151976,212972,0,0.41643193002838763,0.5835680699716124,0.0,0,1,0
303,OH,39,11,11,242098,60323,0,0.8005330317669739,0.19946696823302615,0.0,1,0,0
304,OH,39,12,12,182847,241790,13035,0.41777175601820543,0.5524456670748872,0.029782576906907457,0,1,0
305,OH,39,13,13,173631,148648,8522,0.524880517289851,0.449357770986182,0.025761711723966976,1,0,0
306,OH,39,14,14,158465,238618,0,0.39907273794143794,0.6009272620585621,0.0,0,1,0
307,OH,39,15,15,139678,241925,227,0.3658120105806249,0.6335934840112092,0.0005945054081659377,0,1,0
308,OH,39,16,16,149667,247295,0,0.3770310508310619,0.6229689491689381,0.0,0,1,0
309,OK,40,1,1,109641,213700,12130,0.32682705807655504,0.6370148239341106,0.036158117989334396,0,1,0
310,OK,40,2,2,63472,216511,8544,0.21998634443223686,0.7504011756265445,0.029612479941218673,0,1,0
311,OK,40,3,3,66501,242677,0,0.2150896894345652,0.7849103105654348,0.0,0,1,0
312,OK,40,4,4,90459,213096,10803,0.2877579065905751,0.6778768156051381,0.03436527780428683,0,1,0
313,OK,40,5,5,145658,158191,0,0.47937626913368153,0.5206237308663184,0.0,0,1,0
314,OR,41,1,1,297071,161928,0,0.6472149176795592,0.3527850823204408,0.0,1,0,0
315,OR,41,2,2,168673,273535,14066,0.36967480066801967,0.5994972319264301,0.030827967405550175,0,1,0
316,OR,41,3,3,343568,110557,15740,0.7312057718706437,0.23529524437870453,0.03349898375065178,1,0,0
317,OR,41,4,4,246969,224394,10444,0.5125890657462427,0.465734204774941,0.021676729478816208,1,0,0
318,OR,41,5,5,234803,204282,12626,0.5198080188439068,0.45224048119262095,0.02795149996347222,1,0,0
319,PA,42,1,1,191875,249804,0,0.43442183123942957,0.5655781687605704,0.0,0,1,0
320,PA,42,2,2,198268,75083,0,0.7253238510193853,0.27467614898061465,0.0,1,0,0
321,PA,42,3,3,341922,33728,0,0.9102142952216159,0.08978570477838413,0.0,1,0,0
322,PA,42,4,4,264638,179926,0,0.5952753709252211,0.4047246290747789,0.0,1,0,0
323,PA,42,5,5,256021,139686,0,0.6469963887421754,0.3530036112578246,0.0,1,0,0
324,PA,42,6,6,226440,177526,0,0.5605422238505221,0.43945777614947795,0.0,1,0,0
325,PA,42,7,7,197907,181744,0,0.5212866553755949,0.47871334462440507,0.0,1,0,0
326,PA,42,8,8,178442,166229,0,0.5177168952421295,0.48228310475787056,0.0,1,0,0
327,PA,42,9,9,118315,233076,0,0.33670469647771284,0.6632953035222872,0.0,0,1,0
328,PA,42,10,10,182938,208896,0,0.46687627924069885,0.5331237207593011,0.0,0,1,0
329,PA,42,11,11,141325,241915,0,0.3687636989875796,0.6312363010124205,0.0,0,1,0
330,PA,42,12,12,99073,240751,0,0.29154209237723056,0.7084579076227694,0.0,0,1,0
331,PA,42,13,13,96713,267906,0,0.26524399441608915,0.7347560055839109,0.0,0,1,0
332,PA,42,14,14,131858,241663,0,0.35301361904685413,0.6469863809531459,0.0,0,1,0
333,PA,42,15,15,92149,255059,0,0.2653999907836225,0.7346000092163775,0.0,0,1,0
334,PA,42,16,16,143904,210066,0,0.406542927366726,0.593457072633274,0.0,0,1,0
335,PA,42,17,17,221547,211951,0,0.5110681018136185,0.4889318981863815,0.0,1,0,0
336,PA,42,18,18,265075,117941,0,0.6920729160139524,0.30792708398604757,0.0,1,0,0
337,RI,44,1,1,157854,0,63707,0.7124629334585058,0.0,0.2875370665414942,1,0,0
338,RI,44,2,2,153607,109855,0,0.5830328472417274,0.41696715275827256,0.0,1,0,0
339,SC,45,1,1,210627,216042,0,0.4936543315778742,0.5063456684221258,0.0,0,1,0
340,SC,45,2,2,155118,202715,6163,0.4261530346487324,0.5569154606094573,0.01693150474181035,0,1,0
341,SC,45,3,3,95712,237544,0,0.2872026310103944,0.7127973689896056,0.0,0,1,0
342,SC,45,4,4,133023,222126,5090,0.3692631836086598,0.6166073079261268,0.014129508465213372,0,1,0
343,SC,45,5,5,145958,220005,0,0.3988326688763618,0.6011673311236382,0.0,0,1,0
344,SC,45,6,6,197477,89258,2646,0.6824117685680815,0.30844457652713897,0.009143654904779513,1,0,0
345,SC,45,7,7,138863,224993,0,0.38164273778637703,0.618357262213623,0.0,0,1,0
346,SD,46,1,1,0,321984,75748,0.0,0.8095501493467964,0.19044985065320366,0,1,0
347,TN,47,1,1,68211,227838,8602,0.2238988219306682,0.7478655904625292,0.028235587606802538,0,1,0
348,TN,47,2,2,109298,238447,4574,0.3102245408280564,0.6767929064285492,0.012982552743394481,0,1,0
349,TN,47,3,3,97510,215318,7022,0.30486165390026576,0.6731843051430358,0.02195404095669845,0,1,0
350,TN,47,4,4,111238,223200,0,0.33261172474419776,0.6673882752558022,0.0,0,1,0
351,TN,47,6,6,83694,257219,8139,0.2397751624399803,0.7369073948867217,0.02331744267329796,0,1,0
352,TN,47,7,7,95743,244623,9586,0.273588949341624,0.6990187225676664,0.027392328090709583,0,1,0
353,TN,47,8,8,97561,226949,6741,0.2945228844592167,0.6851269882958844,0.020350127244898885,0,1,0
354,TN,47,9,9,187258,48688,6136,0.7735312827884766,0.20112193389016944,0.02534678332135392,1,0,0
355,TX,48,1,1,83016,219726,0,0.27421368690171827,0.7257863130982817,0.0,0,1,0
356,TX,48,2,2,148727,197300,5582,0.4229897414457537,0.5611346694766061,0.01587558907764022,0,1,0
357,TX,48,3,3,179458,230512,8621,0.4287192032317943,0.5506855140220406,0.020595282746165112,0,1,0
358,TX,48,4,4,77651,255598,7612,0.22780840283869377,0.7498599135718078,0.022331683589498358,0,1,0
359,TX,48,5,5,100743,173836,5834,0.35926651046848757,0.619928462660433,0.020805026871079442,0,1,0
360,TX,48,6,6,149530,179507,10955,0.439804465987435,0.5279741876279442,0.03222134638462081,0,1,0
361,TX,48,7,7,159529,149054,5542,0.5078519697572622,0.47450537206526067,0.01764265817747712,1,0,0
362,TX,48,8,8,97409,277327,7735,0.2546833616143446,0.7250928828590926,0.0202237555265628,0,1,0
363,TX,48,9,9,172938,49575,6594,0.7548350770600636,0.21638361115112154,0.028781311788814833,1,0,0
364,TX,48,10,10,187686,217216,8992,0.4534639303783094,0.5248107003242376,0.02172536929745297,0,1,0
365,TX,48,11,11,53399,232372,5801,0.18314172828666675,0.7969626713127461,0.019895600400587164,0,1,0
366,TX,48,12,12,121250,233853,11918,0.3303625678094714,0.6371651758346253,0.03247225635590334,0,1,0
367,TX,48,13,13,47777,220566,5607,0.17440043803613797,0.8051323234166818,0.020467238547180144,0,1,0
368,TX,48,14,14,118574,190541,0,0.3835918671044757,0.6164081328955243,0.0,0,1,0
369,TX,48,15,15,115605,109017,4295,0.5050083654774438,0.4762293757125945,0.01876225880996169,1,0,0
370,TX,48,16,16,154108,84006,0,0.6472026004350857,0.3527973995649143,0.0,1,0,0
371,TX,48,17,17,125565,171390,9918,0.4091757828156925,0.558504658278832,0.032319558905475554,0,1,0
372,TX,48,18,18,180952,58033,7910,0.7329107515340529,0.2350513376131554,0.03203791085279167,1,0,0
373,TX,48,19,19,60579,198210,6271,0.22854825322568476,0.7477929525390478,0.023658794235267486,0,1,0
374,TX,48,20,20,175078,89628,6017,0.6467053039453611,0.3310690262740883,0.0222256697805506,1,0,0
375,TX,48,21,21,205319,235171,8655,0.45713299713900857,0.5235970566298189,0.01926994623117256,0,1,0
376,TX,48,22,22,181998,210259,15791,0.4460210563463122,0.5152800650903815,0.038698878563306276,0,1,0
377,TX,48,23,23,137692,149399,8369,0.4660258579841603,0.5056488187910377,0.028325323224802003,0,1,0
378,TX,48,24,24,163326,167910,12785,0.4747559015292671,0.48808066949401346,0.03716342897671945,0,1,0
379,TX,48,25,25,165697,220088,7738,0.42106052251075543,0.5592760778912541,0.01966339959799046,0,1,0
380,TX,48,26,26,161009,261963,9243,0.37252062052450746,0.6060941892345245,0.021385190240968036,0,1,0
381,TX,48,27,27,95466,172305,5482,0.34936853392277484,0.6305694722473312,0.020061993829893907,0,1,0
382,TX,48,28,28,137494,91925,6425,0.5829870592425501,0.38977035667644716,0.027242584081002698,1,0,0
383,TX,48,29,29,111305,42840,2328,0.7113367801473737,0.2737852536859394,0.014877966166686905,1,0,0
384,TX,48,30,30,204928,48685,10851,0.7748805130376913,0.18408932784802468,0.04103015911428399,1,0,0
385,TX,48,31,31,176293,212695,9099,0.442850432191958,0.5342927551012718,0.02285681270677013,0,1,0
386,TX,48,32,32,178542,157867,7278,0.5194901174615275,0.45933363787399584,0.02117624466447669,1,0,0
387,TX,48,33,33,105317,39638,12651,0.6682296359275662,0.2515005773891857,0.0802697866832481,1,0,0
388,TX,48,34,34,111470,84155,5470,0.5543151246923096,0.418483801188493,0.027201074119197394,1,0,0
389,TX,48,35,35,176373,80795,12629,0.6537248375630567,0.29946589472825863,0.046809267708684675,1,0,0
390,TX,48,36,36,73419,222703,6418,0.2426753487142196,0.7361109274806638,0.02121372380511668,0,1,0
391,UT,49,1,1,104194,237988,41,0.30446229505322553,0.6954179000242532,0.00011980492252127998,0,1,0
392,UT,49,2,2,129762,208997,15465,0.3663275215682732,0.5900136636704458,0.043658814761281,0,1,0
393,UT,49,3,3,96067,246674,15929,0.2678423062982686,0.6877463964089553,0.04441129729277609,0,1,0
394,UT,49,4,4,175031,177170,21433,0.4684557615206325,0.4741806152545004,0.057363623224867114,0,1,0
395,VA,51,1,1,186923,260614,0,0.4176704942831542,0.5823295057168457,0.0,0,1,0
396,VA,51,2,2,185733,165031,9170,0.5160196035939922,0.45850350342007146,0.02547689298593631,1,0,0
397,VA,51,3,3,233326,107299,0,0.6849937614678899,0.31500623853211007,0.0,1,0,0
398,VA,51,4,4,241142,149625,0,0.6170991921016872,0.3829008078983128,0.0,1,0,0
399,VA,51,5,5,190315,210988,0,0.4742426545527943,0.5257573454472058,0.0,0,1,0
400,VA,51,6,6,134729,246606,0,0.3533087705036254,0.6466912294963746,0.0,0,1,0
401,VA,51,7,7,230893,222623,0,0.5091176496529339,0.490882350347066,0.0,1,0,0
402,VA,51,8,8,301454,95365,0,0.7596763259823749,0.24032367401762517,0.0,1,0,0
403,VA,51,10,10,268734,206253,0,0.5657712737401234,0.4342287262598766,0.0,1,0,0
404,VA,51,11,11,280725,111380,0,0.7159434335190829,0.2840565664809171,0.0,1,0,0
405,VT,50,1,1,238827,95830,20182,0.6730573584076158,0.270066142673156,0.056876498919228156,1,0,0
406,WA,53,1,1,249514,175955,0,0.5864446058349727,0.4135553941650273,0.0,1,0,0
407,WA,53,2,2,254964,148177,0,0.6324437355664644,0.3675562644335357,0.0,1,0,0
408,WA,53,3,3,180980,235089,0,0.43497592947323643,0.5650240705267636,0.0,0,1,0
409,WA,53,4,4,102248,201503,0,0.3366178218343314,0.6633821781656686,0.0,0,1,0
410,WA,53,5,5,155315,247021,0,0.3860330668893661,0.6139669331106339,0.0,0,1,0
411,WA,53,6,6,247101,168419,0,0.5946789564882556,0.4053210435117443,0.0,1,0,0
412,WA,53,7,7,386872,78171,0,0.8319058667693096,0.1680941332306905,0.0,1,0,0
413,WA,53,8,8,212464,197905,41,0.5176871908579226,0.48221290904217734,9.99000999000999e-05,1,0,0
414,WA,53,9,9,258594,89614,0,0.7426423287230621,0.2573576712769379,0.0,1,0,0
415,WA,53,10,10,287952,0,1157,0.9959980491786835,0.0,0.004001950821316528,1,0,0
416,WI,55,1,1,163170,238271,0,0.4064607252373325,0.5935392747626675,0.0,0,1,0
417,WI,55,2,2,318523,138306,0,0.6972477666698043,0.30275223333019574,0.0,1,0,0
418,WI,55,3,3,199885,189619,0,0.5131782985540585,0.4868217014459415,0.0,1,0,0
419,WI,55,4,4,232668,70769,7911,0.7472924187725631,0.22729871397921297,0.025408867248223853,1,0,0
420,WI,55,5,5,175902,265434,0,0.39856707814454295,0.601432921855457,0.0,0,1,0
421,WI,55,6,6,164239,238874,220,0.4072044687640238,0.5922500762397325,0.0005454549962437985,0,1,0
422,WI,55,7,7,162741,252046,0,0.3923483619303402,0.6076516380696598,0.0,0,1,0
423,WI,55,8,8,149558,268173,0,0.35802466180388814,0.6419753381961119,0.0,0,1,0
424,WV,54,1,1,81059,180260,24,0.3101632720218257,0.6897448946403768,9.183333779745392e-05,0,1,0
425,WV,54,2,2,100799,172195,0,0.3692352212869147,0.6307647787130852,0.0,0,1,0
426,WV,54,3,3,64898,161501,27,0.2866190278501585,0.7132617278934398,0.00011924425640164999,0,1,0
427,WY,56,1,1,66576,185732,18059,0.24624306960538822,0.6869625361083268,0.06679439428628493,0,1,0
